--- Executing blocking command at Wed Sep 16 12:18:51 2026 ---
> . "/Users/dep/.eigent/user_47376/spaces/space_052873b4cb7148cdaa3cc00232a1c1cb/projects/1789541267026-6961/runs/1789541267331-4462/single_agent/.venv/bin/activate" && exec /Users/dep/.eigent/venvs/backend-1.0.4/bin/python -c 'import os,sys; os.setsid(); os.execv("/bin/sh", ["/bin/sh", "-c", sys.argv[1]])' 'ls -R /Users/dep/Desktop/backendcodeladder/'
--- Output ---
ARCHITECTURE.md
README.md
app.js
architecture.json
controllers
data
middleware
models
node_modules
package-lock.json
package.json
revert-proxy.js
routes
scripts
server.js
services
setup-proxy.js
terminal_logs
tests
utils

/Users/dep/Desktop/backendcodeladder//controllers:
adminController.js
authController.js
blogController.js
contestController.js
ladderController.js
platformAccountController.js
progressController.js
questionController.js
userController.js

/Users/dep/Desktop/backendcodeladder//data:
codechef-contest.json
contest.json
leetcode.json
problemset.json
questions.json

/Users/dep/Desktop/backendcodeladder//middleware:
admin.js
auth.js
errorHandler.js
ladderAccess.js
notFound.js
rateLimit.js
validateObjectId.js

/Users/dep/Desktop/backendcodeladder//models:
AuditLog.js
Blog.js
Contest.js
Ladder.js
LadderMember.js
LadderQuestion.js
PlatformAccount.js
Question.js
User.js
UserLadderQuestionPractice.js
UserQuestionState.js

/Users/dep/Desktop/backendcodeladder//node_modules:
@babel
@bcoe
@istanbuljs
@jest
@jridgewell
@mongodb-js
@noble
@paralleldrive
@sinclair
@sinonjs
@standard-schema
@types
accepts
ansi-escapes
ansi-regex
ansi-styles
anymatch
argparse
asap
asynckit
babel-jest
babel-plugin-istanbul
babel-plugin-jest-hoist
babel-preset-current-node-syntax
babel-preset-jest
balanced-match
baseline-browser-mapping
bcrypt
binary-extensions
body-parser
brace-expansion
braces
browserslist
bser
bson
buffer-equal-constant-time
buffer-from
bytes
call-bind-apply-helpers
call-bound
callsites
camelcase
caniuse-lite
chalk
char-regex
chokidar
ci-info
cjs-module-lexer
cliui
co
collect-v8-coverage
color-convert
color-name
combined-stream
component-emitter
concat-map
content-disposition
content-type
convert-source-map
cookie
cookie-signature
cookiejar
cors
create-jest
cross-spawn
debug
dedent
deepmerge
delayed-stream
depd
detect-newline
dezalgo
diff-sequences
dotenv
dunder-proto
ecdsa-sig-formatter
ee-first
electron-to-chromium
emittery
emoji-regex
encodeurl
error-ex
es-define-property
es-errors
es-object-atoms
es-set-tostringtag
escalade
escape-html
escape-string-regexp
esprima
etag
execa
exit
expect
express
express-rate-limit
fast-json-stable-stringify
fast-safe-stringify
fb-watchman
fill-range
finalhandler
find-up
form-data
formidable
forwarded
fresh
fs.realpath
fsevents
function-bind
gensync
get-caller-file
get-intrinsic
get-package-type
get-proto
get-stream
glob
glob-parent
gopd
graceful-fs
has-flag
has-symbols
has-tostringtag
hasown
html-escaper
http-errors
human-signals
iconv-lite
ignore-by-default
import-local
imurmurhash
inflight
inherits
ip-address
ipaddr.js
is-arrayish
is-binary-path
is-core-module
is-extglob
is-fullwidth-code-point
is-generator-fn
is-glob
is-number
is-promise
is-stream
isexe
istanbul-lib-coverage
istanbul-lib-instrument
istanbul-lib-report
istanbul-lib-source-maps
istanbul-reports
jest
jest-changed-files
jest-circus
jest-cli
jest-config
jest-diff
jest-docblock
jest-each
jest-environment-node
jest-get-type
jest-haste-map
jest-leak-detector
jest-matcher-utils
jest-message-util
jest-mock
jest-pnp-resolver
jest-regex-util
jest-resolve
jest-resolve-dependencies
jest-runner
jest-runtime
jest-snapshot
jest-util
jest-validate
jest-watcher
jest-worker
js-tokens
js-yaml
jsesc
json-parse-even-better-errors
json5
jsonwebtoken
jwa
jws
kareem
kleur
leven
lines-and-columns
locate-path
lodash.includes
lodash.isboolean
lodash.isinteger
lodash.isnumber
lodash.isplainobject
lodash.isstring
lodash.once
lru-cache
make-dir
makeerror
math-intrinsics
media-typer
memory-pager
merge-descriptors
merge-stream
methods
micromatch
mime
mime-db
mime-types
mimic-fn
minimatch
mongodb
mongodb-connection-string-url
mongoose
mpath
mquery
ms
natural-compare
negotiator
node-addon-api
node-gyp-build
node-int64
node-releases
nodemon
normalize-path
npm-run-path
object-assign
object-inspect
on-finished
once
onetime
p-limit
p-locate
p-try
parse-json
parseurl
path-exists
path-is-absolute
path-key
path-parse
path-to-regexp
picocolors
picomatch
pirates
pkg-dir
pretty-format
prompts
proxy-addr
pstree.remy
punycode
pure-rand
qs
range-parser
raw-body
react-is
readdirp
require-directory
resolve
resolve-cwd
resolve-from
resolve.exports
router
safe-buffer
safer-buffer
semver
send
serve-static
setprototypeof
shebang-command
shebang-regex
side-channel
side-channel-list
side-channel-map
side-channel-weakmap
sift
signal-exit
simple-update-notifier
sisteransi
slash
source-map
source-map-support
sparse-bitfield
sprintf-js
stack-utils
statuses
string-length
string-width
strip-ansi
strip-bom
strip-final-newline
strip-json-comments
superagent
supertest
supports-color
supports-preserve-symlinks-flag
test-exclude
tmpl
to-regex-range
toidentifier
touch
tr46
type-detect
type-fest
type-is
undefsafe
undici-types
unpipe
update-browserslist-db
v8-to-istanbul
vary
walker
webidl-conversions
whatwg-url
which
wrap-ansi
wrappy
write-file-atomic
y18n
yallist
yargs
yargs-parser
yocto-queue

/Users/dep/Desktop/backendcodeladder//node_modules/@babel:
code-frame
compat-data
core
generator
helper-compilation-targets
helper-globals
helper-module-imports
helper-module-transforms
helper-plugin-utils
helper-string-parser
helper-validator-identifier
helper-validator-option
helpers
parser
plugin-syntax-async-generators
plugin-syntax-bigint
plugin-syntax-class-properties
plugin-syntax-class-static-block
plugin-syntax-import-attributes
plugin-syntax-import-meta
plugin-syntax-json-strings
plugin-syntax-jsx
plugin-syntax-logical-assignment-operators
plugin-syntax-nullish-coalescing-operator
plugin-syntax-numeric-separator
plugin-syntax-object-rest-spread
plugin-syntax-optional-catch-binding
plugin-syntax-optional-chaining
plugin-syntax-private-property-in-object
plugin-syntax-top-level-await
plugin-syntax-typescript
template
traverse
types

/Users/dep/Desktop/backendcodeladder//node_modules/@babel/code-frame:
LICENSE
README.md
lib
package.json

/Users/dep/Desktop/backendcodeladder//node_modules/@babel/code-frame/lib:
index.js
index.js.map

/Users/dep/Desktop/backendcodeladder//node_modules/@babel/compat-data:
LICENSE
README.md
corejs2-built-ins.js
corejs3-shipped-proposals.js
data
native-modules.js
overlapping-plugins.js
package.json
plugin-bugfixes.js
plugins.js

/Users/dep/Desktop/backendcodeladder//node_modules/@babel/compat-data/data:
corejs2-built-ins.json
corejs3-shipped-proposals.json
native-modules.json
overlapping-plugins.json
plugin-bugfixes.json
plugins.json

/Users/dep/Desktop/backendcodeladder//node_modules/@babel/core:
LICENSE
README.md
lib
node_modules
package.json
src

/Users/dep/Desktop/backendcodeladder//node_modules/@babel/core/lib:
config
errors
gensync-utils
index.js
index.js.map
parse.js
parse.js.map
parser
tools
transform-ast.js
transform-ast.js.map
transform-file-browser.js
transform-file-browser.js.map
transform-file.js
transform-file.js.map
transform.js
transform.js.map
transformation
vendor

/Users/dep/Desktop/backendcodeladder//node_modules/@babel/core/lib/config:
cache-contexts.js
cache-contexts.js.map
caching.js
caching.js.map
config-chain.js
config-chain.js.map
config-descriptors.js
config-descriptors.js.map
files
full.js
full.js.map
helpers
index.js
index.js.map
item.js
item.js.map
partial.js
partial.js.map
pattern-to-regex.js
pattern-to-regex.js.map
plugin.js
plugin.js.map
printer.js
printer.js.map
resolve-targets-browser.js
resolve-targets-browser.js.map
resolve-targets.js
resolve-targets.js.map
util.js
util.js.map
validation

/Users/dep/Desktop/backendcodeladder//node_modules/@babel/core/lib/config/files:
configuration.js
configuration.js.map
import.cjs
import.cjs.map
index-browser.js
index-browser.js.map
index.js
index.js.map
module-types.js
module-types.js.map
package.js
package.js.map
plugins.js
plugins.js.map
types.js
types.js.map
utils.js
utils.js.map

/Users/dep/Desktop/backendcodeladder//node_modules/@babel/core/lib/config/helpers:
config-api.js
config-api.js.map
deep-array.js
deep-array.js.map
environment.js
environment.js.map

/Users/dep/Desktop/backendcodeladder//node_modules/@babel/core/lib/config/validation:
option-assertions.js
option-assertions.js.map
options.js
options.js.map
plugins.js
plugins.js.map
removed.js
removed.js.map

/Users/dep/Desktop/backendcodeladder//node_modules/@babel/core/lib/errors:
config-error.js
config-error.js.map
rewrite-stack-trace.js
rewrite-stack-trace.js.map

/Users/dep/Desktop/backendcodeladder//node_modules/@babel/core/lib/gensync-utils:
async.js
async.js.map
fs.js
fs.js.map
functional.js
functional.js.map

/Users/dep/Desktop/backendcodeladder//node_modules/@babel/core/lib/parser:
index.js
index.js.map
util

/Users/dep/Desktop/backendcodeladder//node_modules/@babel/core/lib/parser/util:
missing-plugin-helper.js
missing-plugin-helper.js.map

/Users/dep/Desktop/backendcodeladder//node_modules/@babel/core/lib/tools:
build-external-helpers.js
build-external-helpers.js.map

/Users/dep/Desktop/backendcodeladder//node_modules/@babel/core/lib/transformation:
block-hoist-plugin.js
block-hoist-plugin.js.map
file
index.js
index.js.map
normalize-file.js
normalize-file.js.map
normalize-opts.js
normalize-opts.js.map
plugin-pass.js
plugin-pass.js.map
read-input-source-map-file-browser.js
read-input-source-map-file-browser.js.map
read-input-source-map-file.js
read-input-source-map-file.js.map
util

/Users/dep/Desktop/backendcodeladder//node_modules/@babel/core/lib/transformation/file:
babel-7-helpers.cjs
babel-7-helpers.cjs.map
file.js
file.js.map
generate.js
generate.js.map
merge-map.js
merge-map.js.map

/Users/dep/Desktop/backendcodeladder//node_modules/@babel/core/lib/transformation/util:
clone-deep.js
clone-deep.js.map

/Users/dep/Desktop/backendcodeladder//node_modules/@babel/core/lib/vendor:
import-meta-resolve.js
import-meta-resolve.js.map

/Users/dep/Desktop/backendcodeladder//node_modules/@babel/core/node_modules:
semver

/Users/dep/Desktop/backendcodeladder//node_modules/@babel/core/node_modules/semver:
LICENSE
README.md
bin
package.json
range.bnf
semver.js

/Users/dep/Desktop/backendcodeladder//node_modules/@babel/core/node_modules/semver/bin:
semver.js

/Users/dep/Desktop/backendcodeladder//node_modules/@babel/core/src:
config
transform-file-browser.ts
transform-file.ts
transformation

/Users/dep/Desktop/backendcodeladder//node_modules/@babel/core/src/config:
files
resolve-targets-browser.ts
resolve-targets.ts

/Users/dep/Desktop/backendcodeladder//node_modules/@babel/core/src/config/files:
index-browser.ts
index.ts

/Users/dep/Desktop/backendcodeladder//node_modules/@babel/core/src/transformation:
read-input-source-map-file-browser.ts
read-input-source-map-file.ts

/Users/dep/Desktop/backendcodeladder//node_modules/@babel/generator:
LICENSE
README.md
lib
package.json

/Users/dep/Desktop/backendcodeladder//node_modules/@babel/generator/lib:
buffer.js
buffer.js.map
generators
index.js
index.js.map
node
nodes.js
nodes.js.map
printer.js
printer.js.map
source-map.js
source-map.js.map
token-map.js
token-map.js.map

/Users/dep/Desktop/backendcodeladder//node_modules/@babel/generator/lib/generators:
base.js
base.js.map
classes.js
classes.js.map
deprecated.js
deprecated.js.map
expressions.js
expressions.js.map
flow.js
flow.js.map
index.js
index.js.map
jsx.js
jsx.js.map
methods.js
methods.js.map
modules.js
modules.js.map
statements.js
statements.js.map
template-literals.js
template-literals.js.map
types.js
types.js.map
typescript.js
typescript.js.map

/Users/dep/Desktop/backendcodeladder//node_modules/@babel/generator/lib/node:
index.js
index.js.map
parentheses.js
parentheses.js.map

/Users/dep/Desktop/backendcodeladder//node_modules/@babel/helper-compilation-targets:
LICENSE
README.md
lib
node_modules
package.json

/Users/dep/Desktop/backendcodeladder//node_modules/@babel/helper-compilation-targets/lib:
debug.js
debug.js.map
filter-items.js
filter-items.js.map
index.js
index.js.map
options.js
options.js.map
pretty.js
pretty.js.map
targets.js
targets.js.map
utils.js
utils.js.map

/Users/dep/Desktop/backendcodeladder//node_modules/@babel/helper-compilation-targets/node_modules:
semver

/Users/dep/Desktop/backendcodeladder//node_modules/@babel/helper-compilation-targets/node_modules/semver:
LICENSE
README.md
bin
package.json
range.bnf
semver.js

/Users/dep/Desktop/backendcodeladder//node_modules/@babel/helper-compilation-targets/node_modules/semver/bin:
semver.js

/Users/dep/Desktop/backendcodeladder//node_modules/@babel/helper-globals:
LICENSE
README.md
data
package.json

/Users/dep/Desktop/backendcodeladder//node_modules/@babel/helper-globals/data:
browser-upper.json
builtin-lower.json
builtin-upper.json

/Users/dep/Desktop/backendcodeladder//node_modules/@babel/helper-module-imports:
LICENSE
README.md
lib
package.json

/Users/dep/Desktop/backendcodeladder//node_modules/@babel/helper-module-imports/lib:
import-builder.js
import-builder.js.map
import-injector.js
import-injector.js.map
index.js
index.js.map
is-module.js
is-module.js.map

/Users/dep/Desktop/backendcodeladder//node_modules/@babel/helper-module-transforms:
LICENSE
README.md
lib
package.json

/Users/dep/Desktop/backendcodeladder//node_modules/@babel/helper-module-transforms/lib:
dynamic-import.js
dynamic-import.js.map
get-module-name.js
get-module-name.js.map
index.js
index.js.map
lazy-modules.js
lazy-modules.js.map
normalize-and-load-metadata.js
normalize-and-load-metadata.js.map
rewrite-live-references.js
rewrite-live-references.js.map
rewrite-this.js
rewrite-this.js.map

/Users/dep/Desktop/backendcodeladder//node_modules/@babel/helper-plugin-utils:
LICENSE
README.md
lib
package.json

/Users/dep/Desktop/backendcodeladder//node_modules/@babel/helper-plugin-utils/lib:
index.js
index.js.map

/Users/dep/Desktop/backendcodeladder//node_modules/@babel/helper-string-parser:
LICENSE
README.md
lib
package.json

/Users/dep/Desktop/backendcodeladder//node_modules/@babel/helper-string-parser/lib:
index.js
index.js.map

/Users/dep/Desktop/backendcodeladder//node_modules/@babel/helper-validator-identifier:
LICENSE
README.md
lib
package.json

/Users/dep/Desktop/backendcodeladder//node_modules/@babel/helper-validator-identifier/lib:
identifier.js
identifier.js.map
index.js
index.js.map
keyword.js
keyword.js.map

/Users/dep/Desktop/backendcodeladder//node_modules/@babel/helper-validator-option:
LICENSE
README.md
lib
package.json

/Users/dep/Desktop/backendcodeladder//node_modules/@babel/helper-validator-option/lib:
find-suggestion.js
find-suggestion.js.map
index.js
index.js.map
validator.js
validator.js.map

/Users/dep/Desktop/backendcodeladder//node_modules/@babel/helpers:
LICENSE
README.md
lib
package.json

/Users/dep/Desktop/backendcodeladder//node_modules/@babel/helpers/lib:
helpers
helpers-generated.js
helpers-generated.js.map
index.js
index.js.map

/Users/dep/Desktop/backendcodeladder//node_modules/@babel/helpers/lib/helpers:
AwaitValue.js
AwaitValue.js.map
OverloadYield.js
OverloadYield.js.map
applyDecoratedDescriptor.js
applyDecoratedDescriptor.js.map
applyDecs.js
applyDecs.js.map
applyDecs2203.js
applyDecs2203.js.map
applyDecs2203R.js
applyDecs2203R.js.map
applyDecs2301.js
applyDecs2301.js.map
applyDecs2305.js
applyDecs2305.js.map
applyDecs2311.js
applyDecs2311.js.map
arrayLikeToArray.js
arrayLikeToArray.js.map
arrayWithHoles.js
arrayWithHoles.js.map
arrayWithoutHoles.js
arrayWithoutHoles.js.map
assertClassBrand.js
assertClassBrand.js.map
assertThisInitialized.js
assertThisInitialized.js.map
asyncGeneratorDelegate.js
asyncGeneratorDelegate.js.map
asyncIterator.js
asyncIterator.js.map
asyncToGenerator.js
asyncToGenerator.js.map
awaitAsyncGenerator.js
awaitAsyncGenerator.js.map
callSuper.js
callSuper.js.map
checkInRHS.js
checkInRHS.js.map
checkPrivateRedeclaration.js
checkPrivateRedeclaration.js.map
classApplyDescriptorDestructureSet.js
classApplyDescriptorDestructureSet.js.map
classApplyDescriptorGet.js
classApplyDescriptorGet.js.map
classApplyDescriptorSet.js
classApplyDescriptorSet.js.map
classCallCheck.js
classCallCheck.js.map
classCheckPrivateStaticAccess.js
classCheckPrivateStaticAccess.js.map
classCheckPrivateStaticFieldDescriptor.js
classCheckPrivateStaticFieldDescriptor.js.map
classExtractFieldDescriptor.js
classExtractFieldDescriptor.js.map
classNameTDZError.js
classNameTDZError.js.map
classPrivateFieldDestructureSet.js
classPrivateFieldDestructureSet.js.map
classPrivateFieldGet.js
classPrivateFieldGet.js.map
classPrivateFieldGet2.js
classPrivateFieldGet2.js.map
classPrivateFieldInitSpec.js
classPrivateFieldInitSpec.js.map
classPrivateFieldLooseBase.js
classPrivateFieldLooseBase.js.map
classPrivateFieldLooseKey.js
classPrivateFieldLooseKey.js.map
classPrivateFieldSet.js
classPrivateFieldSet.js.map
classPrivateFieldSet2.js
classPrivateFieldSet2.js.map
classPrivateGetter.js
classPrivateGetter.js.map
classPrivateMethodGet.js
classPrivateMethodGet.js.map
classPrivateMethodInitSpec.js
classPrivateMethodInitSpec.js.map
classPrivateMethodSet.js
classPrivateMethodSet.js.map
classPrivateSetter.js
classPrivateSetter.js.map
classStaticPrivateFieldDestructureSet.js
classStaticPrivateFieldDestructureSet.js.map
classStaticPrivateFieldSpecGet.js
classStaticPrivateFieldSpecGet.js.map
classStaticPrivateFieldSpecSet.js
classStaticPrivateFieldSpecSet.js.map
classStaticPrivateMethodGet.js
classStaticPrivateMethodGet.js.map
classStaticPrivateMethodSet.js
classStaticPrivateMethodSet.js.map
construct.js
construct.js.map
createClass.js
createClass.js.map
createForOfIteratorHelper.js
createForOfIteratorHelper.js.map
createForOfIteratorHelperLoose.js
createForOfIteratorHelperLoose.js.map
createSuper.js
createSuper.js.map
decorate.js
decorate.js.map
defaults.js
defaults.js.map
defineAccessor.js
defineAccessor.js.map
defineEnumerableProperties.js
defineEnumerableProperties.js.map
defineProperty.js
defineProperty.js.map
dispose.js
dispose.js.map
extends.js
extends.js.map
get.js
get.js.map
getPrototypeOf.js
getPrototypeOf.js.map
identity.js
identity.js.map
importDeferProxy.js
importDeferProxy.js.map
inherits.js
inherits.js.map
inheritsLoose.js
inheritsLoose.js.map
initializerDefineProperty.js
initializerDefineProperty.js.map
initializerWarningHelper.js
initializerWarningHelper.js.map
instanceof.js
instanceof.js.map
interopRequireDefault.js
interopRequireDefault.js.map
interopRequireWildcard.js
interopRequireWildcard.js.map
isNativeFunction.js
isNativeFunction.js.map
isNativeReflectConstruct.js
isNativeReflectConstruct.js.map
iterableToArray.js
iterableToArray.js.map
iterableToArrayLimit.js
iterableToArrayLimit.js.map
jsx.js
jsx.js.map
maybeArrayLike.js
maybeArrayLike.js.map
newArrowCheck.js
newArrowCheck.js.map
nonIterableRest.js
nonIterableRest.js.map
nonIterableSpread.js
nonIterableSpread.js.map
nullishReceiverError.js
nullishReceiverError.js.map
objectDestructuringEmpty.js
objectDestructuringEmpty.js.map
objectSpread.js
objectSpread.js.map
objectSpread2.js
objectSpread2.js.map
objectWithoutProperties.js
objectWithoutProperties.js.map
objectWithoutPropertiesLoose.js
objectWithoutPropertiesLoose.js.map
possibleConstructorReturn.js
possibleConstructorReturn.js.map
readOnlyError.js
readOnlyError.js.map
regenerator.js
regenerator.js.map
regeneratorAsync.js
regeneratorAsync.js.map
regeneratorAsyncGen.js
regeneratorAsyncGen.js.map
regeneratorAsyncIterator.js
regeneratorAsyncIterator.js.map
regeneratorDefine.js
regeneratorDefine.js.map
regeneratorKeys.js
regeneratorKeys.js.map
regeneratorRuntime.js
regeneratorRuntime.js.map
regeneratorValues.js
regeneratorValues.js.map
set.js
set.js.map
setFunctionName.js
setFunctionName.js.map
setPrototypeOf.js
setPrototypeOf.js.map
skipFirstGeneratorNext.js
skipFirstGeneratorNext.js.map
slicedToArray.js
slicedToArray.js.map
superPropBase.js
superPropBase.js.map
superPropGet.js
superPropGet.js.map
superPropSet.js
superPropSet.js.map
taggedTemplateLiteral.js
taggedTemplateLiteral.js.map
taggedTemplateLiteralLoose.js
taggedTemplateLiteralLoose.js.map
tdz.js
tdz.js.map
temporalRef.js
temporalRef.js.map
temporalUndefined.js
temporalUndefined.js.map
toArray.js
toArray.js.map
toConsumableArray.js
toConsumableArray.js.map
toPrimitive.js
toPrimitive.js.map
toPropertyKey.js
toPropertyKey.js.map
toSetter.js
toSetter.js.map
tsRewriteRelativeImportExtensions.js
tsRewriteRelativeImportExtensions.js.map
typeof.js
typeof.js.map
unsupportedIterableToArray.js
unsupportedIterableToArray.js.map
using.js
using.js.map
usingCtx.js
usingCtx.js.map
wrapAsyncGenerator.js
wrapAsyncGenerator.js.map
wrapNativeSuper.js
wrapNativeSuper.js.map
wrapRegExp.js
wrapRegExp.js.map
writeOnlyError.js
writeOnlyError.js.map

/Users/dep/Desktop/backendcodeladder//node_modules/@babel/parser:
CHANGELOG.md
LICENSE
README.md
bin
lib
package.json
typings

/Users/dep/Desktop/backendcodeladder//node_modules/@babel/parser/bin:
babel-parser.js

/Users/dep/Desktop/backendcodeladder//node_modules/@babel/parser/lib:
index.js
index.js.map

/Users/dep/Desktop/backendcodeladder//node_modules/@babel/parser/typings:
babel-parser.d.ts

/Users/dep/Desktop/backendcodeladder//node_modules/@babel/plugin-syntax-async-generators:
LICENSE
README.md
lib
package.json

/Users/dep/Desktop/backendcodeladder//node_modules/@babel/plugin-syntax-async-generators/lib:
index.js

/Users/dep/Desktop/backendcodeladder//node_modules/@babel/plugin-syntax-bigint:
LICENSE
README.md
lib
package.json

/Users/dep/Desktop/backendcodeladder//node_modules/@babel/plugin-syntax-bigint/lib:
index.js

/Users/dep/Desktop/backendcodeladder//node_modules/@babel/plugin-syntax-class-properties:
LICENSE
README.md
lib
package.json

/Users/dep/Desktop/backendcodeladder//node_modules/@babel/plugin-syntax-class-properties/lib:
index.js

/Users/dep/Desktop/backendcodeladder//node_modules/@babel/plugin-syntax-class-static-block:
LICENSE
README.md
lib
package.json

/Users/dep/Desktop/backendcodeladder//node_modules/@babel/plugin-syntax-class-static-block/lib:
index.js

/Users/dep/Desktop/backendcodeladder//node_modules/@babel/plugin-syntax-import-attributes:
LICENSE
README.md
lib
package.json

/Users/dep/Desktop/backendcodeladder//node_modules/@babel/plugin-syntax-import-attributes/lib:
index.js
index.js.map

/Users/dep/Desktop/backendcodeladder//node_modules/@babel/plugin-syntax-import-meta:
LICENSE
README.md
lib
package.json

/Users/dep/Desktop/backendcodeladder//node_modules/@babel/plugin-syntax-import-meta/lib:
index.js

/Users/dep/Desktop/backendcodeladder//node_modules/@babel/plugin-syntax-json-strings:
LICENSE
README.md
lib
package.json

/Users/dep/Desktop/backendcodeladder//node_modules/@babel/plugin-syntax-json-strings/lib:
index.js

/Users/dep/Desktop/backendcodeladder//node_modules/@babel/plugin-syntax-jsx:
LICENSE
README.md
lib
package.json

/Users/dep/Desktop/backendcodeladder//node_modules/@babel/plugin-syntax-jsx/lib:
index.js
index.js.map

/Users/dep/Desktop/backendcodeladder//node_modules/@babel/plugin-syntax-logical-assignment-operators:
LICENSE
README.md
lib
package.json

/Users/dep/Desktop/backendcodeladder//node_modules/@babel/plugin-syntax-logical-assignment-operators/lib:
index.js

/Users/dep/Desktop/backendcodeladder//node_modules/@babel/plugin-syntax-nullish-coalescing-operator:
LICENSE
README.md
lib
package.json

/Users/dep/Desktop/backendcodeladder//node_modules/@babel/plugin-syntax-nullish-coalescing-operator/lib:
index.js

/Users/dep/Desktop/backendcodeladder//node_modules/@babel/plugin-syntax-numeric-separator:
LICENSE
README.md
lib
package.json

/Users/dep/Desktop/backendcodeladder//node_modules/@babel/plugin-syntax-numeric-separator/lib:
index.js

/Users/dep/Desktop/backendcodeladder//node_modules/@babel/plugin-syntax-object-rest-spread:
LICENSE
README.md
lib
package.json

/Users/dep/Desktop/backendcodeladder//node_modules/@babel/plugin-syntax-object-rest-spread/lib:
index.js

/Users/dep/Desktop/backendcodeladder//node_modules/@babel/plugin-syntax-optional-catch-binding:
LICENSE
README.md
lib
package.json

/Users/dep/Desktop/backendcodeladder//node_modules/@babel/plugin-syntax-optional-catch-binding/lib:
index.js

/Users/dep/Desktop/backendcodeladder//node_modules/@babel/plugin-syntax-optional-chaining:
LICENSE
README.md
lib
package.json

/Users/dep/Desktop/backendcodeladder//node_modules/@babel/plugin-syntax-optional-chaining/lib:
index.js

/Users/dep/Desktop/backendcodeladder//node_modules/@babel/plugin-syntax-private-property-in-object:
LICENSE
README.md
lib
package.json

/Users/dep/Desktop/backendcodeladder//node_modules/@babel/plugin-syntax-private-property-in-object/lib:
index.js

/Users/dep/Desktop/backendcodeladder//node_modules/@babel/plugin-syntax-top-level-await:
LICENSE
README.md
lib
package.json

/Users/dep/Desktop/backendcodeladder//node_modules/@babel/plugin-syntax-top-level-await/lib:
index.js

/Users/dep/Desktop/backendcodeladder//node_modules/@babel/plugin-syntax-typescript:
LICENSE
README.md
lib
package.json

/Users/dep/Desktop/backendcodeladder//node_modules/@babel/plugin-syntax-typescript/lib:
index.js
index.js.map

/Users/dep/Desktop/backendcodeladder//node_modules/@babel/template:
LICENSE
README.md
lib
package.json

/Users/dep/Desktop/backendcodeladder//node_modules/@babel/template/lib:
builder.js
builder.js.map
formatters.js
formatters.js.map
index.js
index.js.map
literal.js
literal.js.map
options.js
options.js.map
parse.js
parse.js.map
populate.js
populate.js.map
string.js
string.js.map

/Users/dep/Desktop/backendcodeladder//node_modules/@babel/traverse:
LICENSE
README.md
lib
package.json
tsconfig.overrides.json

/Users/dep/Desktop/backendcodeladder//node_modules/@babel/traverse/lib:
cache.js
cache.js.map
context.js
context.js.map
hub.js
hub.js.map
index.js
index.js.map
path
scope
traverse-node.js
traverse-node.js.map
types.js
types.js.map
visitors.js
visitors.js.map

/Users/dep/Desktop/backendcodeladder//node_modules/@babel/traverse/lib/path:
ancestry.js
ancestry.js.map
comments.js
comments.js.map
context.js
context.js.map
conversion.js
conversion.js.map
evaluation.js
evaluation.js.map
family.js
family.js.map
index.js
index.js.map
inference
introspection.js
introspection.js.map
lib
modification.js
modification.js.map
removal.js
removal.js.map
replacement.js
replacement.js.map

/Users/dep/Desktop/backendcodeladder//node_modules/@babel/traverse/lib/path/inference:
index.js
index.js.map
inferer-reference.js
inferer-reference.js.map
inferers.js
inferers.js.map
util.js
util.js.map

/Users/dep/Desktop/backendcodeladder//node_modules/@babel/traverse/lib/path/lib:
hoister.js
hoister.js.map
removal-hooks.js
removal-hooks.js.map
virtual-types-validator.js
virtual-types-validator.js.map
virtual-types.js
virtual-types.js.map

/Users/dep/Desktop/backendcodeladder//node_modules/@babel/traverse/lib/scope:
binding.js
binding.js.map
index.js
index.js.map
lib
traverseForScope.js
traverseForScope.js.map

/Users/dep/Desktop/backendcodeladder//node_modules/@babel/traverse/lib/scope/lib:
renamer.js
renamer.js.map

/Users/dep/Desktop/backendcodeladder//node_modules/@babel/types:
LICENSE
README.md
lib
package.json

/Users/dep/Desktop/backendcodeladder//node_modules/@babel/types/lib:
asserts
ast-types
builders
clone
comments
constants
converters
definitions
index-legacy.d.ts
index.d.ts
index.js
index.js.flow
index.js.map
modifications
retrievers
traverse
utils
validators

/Users/dep/Desktop/backendcodeladder//node_modules/@babel/types/lib/asserts:
assertNode.js
assertNode.js.map
generated

/Users/dep/Desktop/backendcodeladder//node_modules/@babel/types/lib/asserts/generated:
index.js
index.js.map

/Users/dep/Desktop/backendcodeladder//node_modules/@babel/types/lib/ast-types:
generated

/Users/dep/Desktop/backendcodeladder//node_modules/@babel/types/lib/ast-types/generated:
index.js
index.js.map

/Users/dep/Desktop/backendcodeladder//node_modules/@babel/types/lib/builders:
flow
generated
productions.js
productions.js.map
react
typescript
validateNode.js
validateNode.js.map

/Users/dep/Desktop/backendcodeladder//node_modules/@babel/types/lib/builders/flow:
createFlowUnionType.js
createFlowUnionType.js.map
createTypeAnnotationBasedOnTypeof.js
createTypeAnnotationBasedOnTypeof.js.map

/Users/dep/Desktop/backendcodeladder//node_modules/@babel/types/lib/builders/generated:
index.js
index.js.map
lowercase.js
lowercase.js.map
uppercase.js
uppercase.js.map

/Users/dep/Desktop/backendcodeladder//node_modules/@babel/types/lib/builders/react:
buildChildren.js
buildChildren.js.map

/Users/dep/Desktop/backendcodeladder//node_modules/@babel/types/lib/builders/typescript:
createTSUnionType.js
createTSUnionType.js.map

/Users/dep/Desktop/backendcodeladder//node_modules/@babel/types/lib/clone:
clone.js
clone.js.map
cloneDeep.js
cloneDeep.js.map
cloneDeepWithoutLoc.js
cloneDeepWithoutLoc.js.map
cloneNode.js
cloneNode.js.map
cloneWithoutLoc.js
cloneWithoutLoc.js.map

/Users/dep/Desktop/backendcodeladder//node_modules/@babel/types/lib/comments:
addComment.js
addComment.js.map
addComments.js
addComments.js.map
inheritInnerComments.js
inheritInnerComments.js.map
inheritLeadingComments.js
inheritLeadingComments.js.map
inheritTrailingComments.js
inheritTrailingComments.js.map
inheritsComments.js
inheritsComments.js.map
removeComments.js
removeComments.js.map

/Users/dep/Desktop/backendcodeladder//node_modules/@babel/types/lib/constants:
generated
index.js
index.js.map

/Users/dep/Desktop/backendcodeladder//node_modules/@babel/types/lib/constants/generated:
index.js
index.js.map

/Users/dep/Desktop/backendcodeladder//node_modules/@babel/types/lib/converters:
ensureBlock.js
ensureBlock.js.map
gatherSequenceExpressions.js
gatherSequenceExpressions.js.map
toBindingIdentifierName.js
toBindingIdentifierName.js.map
toBlock.js
toBlock.js.map
toComputedKey.js
toComputedKey.js.map
toExpression.js
toExpression.js.map
toIdentifier.js
toIdentifier.js.map
toKeyAlias.js
toKeyAlias.js.map
toSequenceExpression.js
toSequenceExpression.js.map
toStatement.js
toStatement.js.map
valueToNode.js
valueToNode.js.map

/Users/dep/Desktop/backendcodeladder//node_modules/@babel/types/lib/definitions:
core.js
core.js.map
deprecated-aliases.js
deprecated-aliases.js.map
experimental.js
experimental.js.map
flow.js
flow.js.map
index.js
index.js.map
jsx.js
jsx.js.map
misc.js
misc.js.map
placeholders.js
placeholders.js.map
typescript.js
typescript.js.map
utils.js
utils.js.map

/Users/dep/Desktop/backendcodeladder//node_modules/@babel/types/lib/modifications:
appendToMemberExpression.js
appendToMemberExpression.js.map
flow
inherits.js
inherits.js.map
prependToMemberExpression.js
prependToMemberExpression.js.map
removeProperties.js
removeProperties.js.map
removePropertiesDeep.js
removePropertiesDeep.js.map
typescript

/Users/dep/Desktop/backendcodeladder//node_modules/@babel/types/lib/modifications/flow:
removeTypeDuplicates.js
removeTypeDuplicates.js.map

/Users/dep/Desktop/backendcodeladder//node_modules/@babel/types/lib/modifications/typescript:
removeTypeDuplicates.js
removeTypeDuplicates.js.map

/Users/dep/Desktop/backendcodeladder//node_modules/@babel/types/lib/retrievers:
getAssignmentIdentifiers.js
getAssignmentIdentifiers.js.map
getBindingIdentifiers.js
getBindingIdentifiers.js.map
getFunctionName.js
getFunctionName.js.map
getOuterBindingIdentifiers.js
getOuterBindingIdentifiers.js.map

/Users/dep/Desktop/backendcodeladder//node_modules/@babel/types/lib/traverse:
traverse.js
traverse.js.map
traverseFast.js
traverseFast.js.map

/Users/dep/Desktop/backendcodeladder//node_modules/@babel/types/lib/utils:
deprecationWarning.js
deprecationWarning.js.map
inherit.js
inherit.js.map
react
shallowEqual.js
shallowEqual.js.map

/Users/dep/Desktop/backendcodeladder//node_modules/@babel/types/lib/utils/react:
cleanJSXElementLiteralChild.js
cleanJSXElementLiteralChild.js.map

/Users/dep/Desktop/backendcodeladder//node_modules/@babel/types/lib/validators:
buildMatchMemberExpression.js
buildMatchMemberExpression.js.map
generated
is.js
is.js.map
isBinding.js
isBinding.js.map
isBlockScoped.js
isBlockScoped.js.map
isImmutable.js
isImmutable.js.map
isLet.js
isLet.js.map
isNode.js
isNode.js.map
isNodesEquivalent.js
isNodesEquivalent.js.map
isPlaceholderType.js
isPlaceholderType.js.map
isReferenced.js
isReferenced.js.map
isScope.js
isScope.js.map
isSpecifierDefault.js
isSpecifierDefault.js.map
isType.js
isType.js.map
isValidES3Identifier.js
isValidES3Identifier.js.map
isValidIdentifier.js
isValidIdentifier.js.map
isVar.js
isVar.js.map
matchesPattern.js
matchesPattern.js.map
react
validate.js
validate.js.map

/Users/dep/Desktop/backendcodeladder//node_modules/@babel/types/lib/validators/generated:
index.js
index.js.map

/Users/dep/Desktop/backendcodeladder//node_modules/@babel/types/lib/validators/react:
isCompatTag.js
isCompatTag.js.map
isReactComponent.js
isReactComponent.js.map

/Users/dep/Desktop/backendcodeladder//node_modules/@bcoe:
v8-coverage

/Users/dep/Desktop/backendcodeladder//node_modules/@bcoe/v8-coverage:
CHANGELOG.md
LICENSE.md
LICENSE.txt
README.md
dist
gulpfile.ts
package.json
src
tsconfig.json

/Users/dep/Desktop/backendcodeladder//node_modules/@bcoe/v8-coverage/dist:
lib

/Users/dep/Desktop/backendcodeladder//node_modules/@bcoe/v8-coverage/dist/lib:
CHANGELOG.md
LICENSE.md
README.md
_src
ascii.d.ts
ascii.js
ascii.mjs
clone.d.ts
clone.js
clone.mjs
compare.d.ts
compare.js
compare.mjs
index.d.ts
index.js
index.mjs
merge.d.ts
merge.js
merge.mjs
normalize.d.ts
normalize.js
normalize.mjs
package.json
range-tree.d.ts
range-tree.js
range-tree.mjs
tsconfig.json
types.d.ts
types.js
types.mjs

/Users/dep/Desktop/backendcodeladder//node_modules/@bcoe/v8-coverage/dist/lib/_src:
ascii.ts
clone.ts
compare.ts
index.ts
merge.ts
normalize.ts
range-tree.ts
types.ts

/Users/dep/Desktop/backendcodeladder//node_modules/@bcoe/v8-coverage/src:
lib
test

/Users/dep/Desktop/backendcodeladder//node_modules/@bcoe/v8-coverage/src/lib:
ascii.ts
clone.ts
compare.ts
index.ts
merge.ts
normalize.ts
range-tree.ts
types.ts

/Users/dep/Desktop/backendcodeladder//node_modules/@bcoe/v8-coverage/src/test:
merge.spec.ts

/Users/dep/Desktop/backendcodeladder//node_modules/@istanbuljs:
load-nyc-config
schema

/Users/dep/Desktop/backendcodeladder//node_modules/@istanbuljs/load-nyc-config:
CHANGELOG.md
LICENSE
README.md
index.js
load-esm.js
package.json

/Users/dep/Desktop/backendcodeladder//node_modules/@istanbuljs/schema:
CHANGELOG.md
LICENSE
README.md
default-exclude.js
default-extension.js
index.js
package.json

/Users/dep/Desktop/backendcodeladder//node_modules/@jest:
console
core
environment
expect
expect-utils
fake-timers
globals
reporters
schemas
source-map
test-result
test-sequencer
transform
types

/Users/dep/Desktop/backendcodeladder//node_modules/@jest/console:
LICENSE
build
package.json

/Users/dep/Desktop/backendcodeladder//node_modules/@jest/console/build:
BufferedConsole.js
CustomConsole.js
NullConsole.js
getConsoleOutput.js
index.d.ts
index.js
types.js

/Users/dep/Desktop/backendcodeladder//node_modules/@jest/core:
LICENSE
README.md
build
package.json

/Users/dep/Desktop/backendcodeladder//node_modules/@jest/core/build:
FailedTestsCache.js
FailedTestsInteractiveMode.js
ReporterDispatcher.js
SearchSource.js
SnapshotInteractiveMode.js
TestNamePatternPrompt.js
TestPathPatternPrompt.js
TestScheduler.js
cli
collectHandles.js
getChangedFilesPromise.js
getConfigsOfProjectsToRun.js
getNoTestFound.js
getNoTestFoundFailed.js
getNoTestFoundPassWithNoTests.js
getNoTestFoundRelatedToChangedFiles.js
getNoTestFoundVerbose.js
getNoTestsFoundMessage.js
getProjectDisplayName.js
getProjectNamesMissingWarning.js
getSelectProjectsMessage.js
index.d.ts
index.js
lib
plugins
runGlobalHook.js
runJest.js
testSchedulerHelper.js
types.js
version.js
watch.js

/Users/dep/Desktop/backendcodeladder//node_modules/@jest/core/build/cli:
index.js

/Users/dep/Desktop/backendcodeladder//node_modules/@jest/core/build/lib:
activeFiltersMessage.js
createContext.js
handleDeprecationWarnings.js
isValidPath.js
logDebugMessages.js
updateGlobalConfig.js
watchPluginsHelpers.js

/Users/dep/Desktop/backendcodeladder//node_modules/@jest/core/build/plugins:
FailedTestsInteractive.js
Quit.js
TestNamePattern.js
TestPathPattern.js
UpdateSnapshots.js
UpdateSnapshotsInteractive.js

/Users/dep/Desktop/backendcodeladder//node_modules/@jest/environment:
LICENSE
build
package.json

/Users/dep/Desktop/backendcodeladder//node_modules/@jest/environment/build:
index.d.ts
index.js

/Users/dep/Desktop/backendcodeladder//node_modules/@jest/expect:
LICENSE
README.md
build
package.json

/Users/dep/Desktop/backendcodeladder//node_modules/@jest/expect/build:
index.d.ts
index.js
types.js

/Users/dep/Desktop/backendcodeladder//node_modules/@jest/expect-utils:
LICENSE
README.md
build
package.json

/Users/dep/Desktop/backendcodeladder//node_modules/@jest/expect-utils/build:
immutableUtils.js
index.d.ts
index.js
jasmineUtils.js
types.js
utils.js

/Users/dep/Desktop/backendcodeladder//node_modules/@jest/fake-timers:
LICENSE
build
package.json

/Users/dep/Desktop/backendcodeladder//node_modules/@jest/fake-timers/build:
index.d.ts
index.js
legacyFakeTimers.js
modernFakeTimers.js

/Users/dep/Desktop/backendcodeladder//node_modules/@jest/globals:
LICENSE
build
package.json

/Users/dep/Desktop/backendcodeladder//node_modules/@jest/globals/build:
index.d.ts
index.js

/Users/dep/Desktop/backendcodeladder//node_modules/@jest/reporters:
LICENSE
assets
build
package.json

/Users/dep/Desktop/backendcodeladder//node_modules/@jest/reporters/assets:
jest_logo.png

/Users/dep/Desktop/backendcodeladder//node_modules/@jest/reporters/build:
BaseReporter.js
CoverageReporter.js
CoverageWorker.js
DefaultReporter.js
GitHubActionsReporter.js
NotifyReporter.js
Status.js
SummaryReporter.js
VerboseReporter.js
formatTestPath.js
generateEmptyCoverage.js
getResultHeader.js
getSnapshotStatus.js
getSnapshotSummary.js
getSummary.js
getWatermarks.js
index.d.ts
index.js
printDisplayName.js
relativePath.js
trimAndFormatPath.js
types.js
wrapAnsiString.js

/Users/dep/Desktop/backendcodeladder//node_modules/@jest/schemas:
LICENSE
README.md
build
package.json

/Users/dep/Desktop/backendcodeladder//node_modules/@jest/schemas/build:
index.d.ts
index.js

/Users/dep/Desktop/backendcodeladder//node_modules/@jest/source-map:
LICENSE
build
package.json

/Users/dep/Desktop/backendcodeladder//node_modules/@jest/source-map/build:
getCallsite.js
index.d.ts
index.js
types.js

/Users/dep/Desktop/backendcodeladder//node_modules/@jest/test-result:
LICENSE
build
package.json

/Users/dep/Desktop/backendcodeladder//node_modules/@jest/test-result/build:
formatTestResults.js
helpers.js
index.d.ts
index.js
types.js

/Users/dep/Desktop/backendcodeladder//node_modules/@jest/test-sequencer:
LICENSE
build
package.json

/Users/dep/Desktop/backendcodeladder//node_modules/@jest/test-sequencer/build:
index.d.ts
index.js

/Users/dep/Desktop/backendcodeladder//node_modules/@jest/transform:
LICENSE
build
package.json

/Users/dep/Desktop/backendcodeladder//node_modules/@jest/transform/build:
ScriptTransformer.js
enhanceUnexpectedTokenMessage.js
index.d.ts
index.js
runtimeErrorsAndWarnings.js
shouldInstrument.js
types.js

/Users/dep/Desktop/backendcodeladder//node_modules/@jest/types:
LICENSE
README.md
build
package.json

/Users/dep/Desktop/backendcodeladder//node_modules/@jest/types/build:
Circus.js
Config.js
Global.js
TestResult.js
Transform.js
index.d.ts
index.js

/Users/dep/Desktop/backendcodeladder//node_modules/@jridgewell:
gen-mapping
remapping
resolve-uri
sourcemap-codec
trace-mapping

/Users/dep/Desktop/backendcodeladder//node_modules/@jridgewell/gen-mapping:
LICENSE
README.md
dist
package.json
src
types

/Users/dep/Desktop/backendcodeladder//node_modules/@jridgewell/gen-mapping/dist:
gen-mapping.mjs
gen-mapping.mjs.map
gen-mapping.umd.js
gen-mapping.umd.js.map
types

/Users/dep/Desktop/backendcodeladder//node_modules/@jridgewell/gen-mapping/dist/types:
gen-mapping.d.ts
set-array.d.ts
sourcemap-segment.d.ts
types.d.ts

/Users/dep/Desktop/backendcodeladder//node_modules/@jridgewell/gen-mapping/src:
gen-mapping.ts
set-array.ts
sourcemap-segment.ts
types.ts

/Users/dep/Desktop/backendcodeladder//node_modules/@jridgewell/gen-mapping/types:
gen-mapping.d.cts
gen-mapping.d.cts.map
gen-mapping.d.mts
gen-mapping.d.mts.map
set-array.d.cts
set-array.d.cts.map
set-array.d.mts
set-array.d.mts.map
sourcemap-segment.d.cts
sourcemap-segment.d.cts.map
sourcemap-segment.d.mts
sourcemap-segment.d.mts.map
types.d.cts
types.d.cts.map
types.d.mts
types.d.mts.map

/Users/dep/Desktop/backendcodeladder//node_modules/@jridgewell/remapping:
LICENSE
README.md
dist
package.json
src
types

/Users/dep/Desktop/backendcodeladder//node_modules/@jridgewell/remapping/dist:
remapping.mjs
remapping.mjs.map
remapping.umd.js
remapping.umd.js.map

/Users/dep/Desktop/backendcodeladder//node_modules/@jridgewell/remapping/src:
build-source-map-tree.ts
remapping.ts
source-map-tree.ts
source-map.ts
types.ts

/Users/dep/Desktop/backendcodeladder//node_modules/@jridgewell/remapping/types:
build-source-map-tree.d.cts
build-source-map-tree.d.cts.map
build-source-map-tree.d.mts
build-source-map-tree.d.mts.map
remapping.d.cts
remapping.d.cts.map
remapping.d.mts
remapping.d.mts.map
source-map-tree.d.cts
source-map-tree.d.cts.map
source-map-tree.d.mts
source-map-tree.d.mts.map
source-map.d.cts
source-map.d.cts.map
source-map.d.mts
source-map.d.mts.map
types.d.cts
types.d.cts.map
types.d.mts
types.d.mts.map

/Users/dep/Desktop/backendcodeladder//node_modules/@jridgewell/resolve-uri:
LICENSE
README.md
dist
package.json

/Users/dep/Desktop/backendcodeladder//node_modules/@jridgewell/resolve-uri/dist:
resolve-uri.mjs
resolve-uri.mjs.map
resolve-uri.umd.js
resolve-uri.umd.js.map
types

/Users/dep/Desktop/backendcodeladder//node_modules/@jridgewell/resolve-uri/dist/types:
resolve-uri.d.ts

/Users/dep/Desktop/backendcodeladder//node_modules/@jridgewell/sourcemap-codec:
LICENSE
README.md
dist
package.json
src
types

/Users/dep/Desktop/backendcodeladder//node_modules/@jridgewell/sourcemap-codec/dist:
sourcemap-codec.mjs
sourcemap-codec.mjs.map
sourcemap-codec.umd.js
sourcemap-codec.umd.js.map

/Users/dep/Desktop/backendcodeladder//node_modules/@jridgewell/sourcemap-codec/src:
range-mappings.ts
scopes.ts
sourcemap-codec.ts
strings.ts
vlq.ts

/Users/dep/Desktop/backendcodeladder//node_modules/@jridgewell/sourcemap-codec/types:
range-mappings.d.cts
range-mappings.d.cts.map
range-mappings.d.mts
range-mappings.d.mts.map
scopes.d.cts
scopes.d.cts.map
scopes.d.mts
scopes.d.mts.map
sourcemap-codec.d.cts
sourcemap-codec.d.cts.map
sourcemap-codec.d.mts
sourcemap-codec.d.mts.map
strings.d.cts
strings.d.cts.map
strings.d.mts
strings.d.mts.map
vlq.d.cts
vlq.d.cts.map
vlq.d.mts
vlq.d.mts.map

/Users/dep/Desktop/backendcodeladder//node_modules/@jridgewell/trace-mapping:
LICENSE
README.md
dist
package.json
src
types

/Users/dep/Desktop/backendcodeladder//node_modules/@jridgewell/trace-mapping/dist:
trace-mapping.mjs
trace-mapping.mjs.map
trace-mapping.umd.js
trace-mapping.umd.js.map

/Users/dep/Desktop/backendcodeladder//node_modules/@jridgewell/trace-mapping/src:
binary-search.ts
by-source.ts
flatten-map.ts
resolve.ts
sort.ts
sourcemap-segment.ts
strip-filename.ts
trace-mapping.ts
types.ts

/Users/dep/Desktop/backendcodeladder//node_modules/@jridgewell/trace-mapping/types:
binary-search.d.cts
binary-search.d.cts.map
binary-search.d.mts
binary-search.d.mts.map
by-source.d.cts
by-source.d.cts.map
by-source.d.mts
by-source.d.mts.map
flatten-map.d.cts
flatten-map.d.cts.map
flatten-map.d.mts
flatten-map.d.mts.map
resolve.d.cts
resolve.d.cts.map
resolve.d.mts
resolve.d.mts.map
sort.d.cts
sort.d.cts.map
sort.d.mts
sort.d.mts.map
sourcemap-segment.d.cts
sourcemap-segment.d.cts.map
sourcemap-segment.d.mts
sourcemap-segment.d.mts.map
strip-filename.d.cts
strip-filename.d.cts.map
strip-filename.d.mts
strip-filename.d.mts.map
trace-mapping.d.cts
trace-mapping.d.cts.map
trace-mapping.d.mts
trace-mapping.d.mts.map
types.d.cts
types.d.cts.map
types.d.mts
types.d.mts.map

/Users/dep/Desktop/backendcodeladder//node_modules/@mongodb-js:
saslprep

/Users/dep/Desktop/backendcodeladder//node_modules/@mongodb-js/saslprep:
LICENSE
dist
package.json
readme.md

/Users/dep/Desktop/backendcodeladder//node_modules/@mongodb-js/saslprep/dist:
browser.d.ts
browser.d.ts.map
browser.js
browser.js.map
code-points-data-browser.d.ts
code-points-data-browser.d.ts.map
code-points-data-browser.js
code-points-data-browser.js.map
code-points-data.d.ts
code-points-data.d.ts.map
code-points-data.js
code-points-data.js.map
code-points-src.d.ts
code-points-src.d.ts.map
code-points-src.js
code-points-src.js.map
generate-code-points.d.ts
generate-code-points.d.ts.map
generate-code-points.js
generate-code-points.js.map
index.d.ts
index.d.ts.map
index.js
index.js.map
memory-code-points.d.ts
memory-code-points.d.ts.map
memory-code-points.js
memory-code-points.js.map
node.d.ts
node.d.ts.map
node.js
node.js.map
util.d.ts
util.d.ts.map
util.js
util.js.map

/Users/dep/Desktop/backendcodeladder//node_modules/@noble:
hashes

/Users/dep/Desktop/backendcodeladder//node_modules/@noble/hashes:
LICENSE
README.md
_assert.d.ts
_assert.d.ts.map
_assert.js
_assert.js.map
_blake.d.ts
_blake.d.ts.map
_blake.js
_blake.js.map
_md.d.ts
_md.d.ts.map
_md.js
_md.js.map
_u64.d.ts
_u64.d.ts.map
_u64.js
_u64.js.map
argon2.d.ts
argon2.d.ts.map
argon2.js
argon2.js.map
blake1.d.ts
blake1.d.ts.map
blake1.js
blake1.js.map
blake2.d.ts
blake2.d.ts.map
blake2.js
blake2.js.map
blake2b.d.ts
blake2b.d.ts.map
blake2b.js
blake2b.js.map
blake2s.d.ts
blake2s.d.ts.map
blake2s.js
blake2s.js.map
blake3.d.ts
blake3.d.ts.map
blake3.js
blake3.js.map
crypto.d.ts
crypto.d.ts.map
crypto.js
crypto.js.map
cryptoNode.d.ts
cryptoNode.d.ts.map
cryptoNode.js
cryptoNode.js.map
eskdf.d.ts
eskdf.d.ts.map
eskdf.js
eskdf.js.map
esm
hkdf.d.ts
hkdf.d.ts.map
hkdf.js
hkdf.js.map
hmac.d.ts
hmac.d.ts.map
hmac.js
hmac.js.map
index.d.ts
index.d.ts.map
index.js
index.js.map
legacy.d.ts
legacy.d.ts.map
legacy.js
legacy.js.map
package.json
pbkdf2.d.ts
pbkdf2.d.ts.map
pbkdf2.js
pbkdf2.js.map
ripemd160.d.ts
ripemd160.d.ts.map
ripemd160.js
ripemd160.js.map
scrypt.d.ts
scrypt.d.ts.map
scrypt.js
scrypt.js.map
sha1.d.ts
sha1.d.ts.map
sha1.js
sha1.js.map
sha2.d.ts
sha2.d.ts.map
sha2.js
sha2.js.map
sha256.d.ts
sha256.d.ts.map
sha256.js
sha256.js.map
sha3-addons.d.ts
sha3-addons.d.ts.map
sha3-addons.js
sha3-addons.js.map
sha3.d.ts
sha3.d.ts.map
sha3.js
sha3.js.map
sha512.d.ts
sha512.d.ts.map
sha512.js
sha512.js.map
src
utils.d.ts
utils.d.ts.map
utils.js
utils.js.map

/Users/dep/Desktop/backendcodeladder//node_modules/@noble/hashes/esm:
_assert.d.ts
_assert.d.ts.map
_assert.js
_assert.js.map
_blake.d.ts
_blake.d.ts.map
_blake.js
_blake.js.map
_md.d.ts
_md.d.ts.map
_md.js
_md.js.map
_u64.d.ts
_u64.d.ts.map
_u64.js
_u64.js.map
argon2.d.ts
argon2.d.ts.map
argon2.js
argon2.js.map
blake1.d.ts
blake1.d.ts.map
blake1.js
blake1.js.map
blake2.d.ts
blake2.d.ts.map
blake2.js
blake2.js.map
blake2b.d.ts
blake2b.d.ts.map
blake2b.js
blake2b.js.map
blake2s.d.ts
blake2s.d.ts.map
blake2s.js
blake2s.js.map
blake3.d.ts
blake3.d.ts.map
blake3.js
blake3.js.map
crypto.d.ts
crypto.d.ts.map
crypto.js
crypto.js.map
cryptoNode.d.ts
cryptoNode.d.ts.map
cryptoNode.js
cryptoNode.js.map
eskdf.d.ts
eskdf.d.ts.map
eskdf.js
eskdf.js.map
hkdf.d.ts
hkdf.d.ts.map
hkdf.js
hkdf.js.map
hmac.d.ts
hmac.d.ts.map
hmac.js
hmac.js.map
index.d.ts
index.d.ts.map
index.js
index.js.map
legacy.d.ts
legacy.d.ts.map
legacy.js
legacy.js.map
package.json
pbkdf2.d.ts
pbkdf2.d.ts.map
pbkdf2.js
pbkdf2.js.map
ripemd160.d.ts
ripemd160.d.ts.map
ripemd160.js
ripemd160.js.map
scrypt.d.ts
scrypt.d.ts.map
scrypt.js
scrypt.js.map
sha1.d.ts
sha1.d.ts.map
sha1.js
sha1.js.map
sha2.d.ts
sha2.d.ts.map
sha2.js
sha2.js.map
sha256.d.ts
sha256.d.ts.map
sha256.js
sha256.js.map
sha3-addons.d.ts
sha3-addons.d.ts.map
sha3-addons.js
sha3-addons.js.map
sha3.d.ts
sha3.d.ts.map
sha3.js
sha3.js.map
sha512.d.ts
sha512.d.ts.map
sha512.js
sha512.js.map
utils.d.ts
utils.d.ts.map
utils.js
utils.js.map

/Users/dep/Desktop/backendcodeladder//node_modules/@noble/hashes/src:
_assert.ts
_blake.ts
_md.ts
_u64.ts
argon2.ts
blake1.ts
blake2.ts
blake2b.ts
blake2s.ts
blake3.ts
crypto.ts
cryptoNode.ts
eskdf.ts
hkdf.ts
hmac.ts
index.ts
legacy.ts
pbkdf2.ts
ripemd160.ts
scrypt.ts
sha1.ts
sha2.ts
sha256.ts
sha3-addons.ts
sha3.ts
sha512.ts
utils.ts

/Users/dep/Desktop/backendcodeladder//node_modules/@paralleldrive:
cuid2

/Users/dep/Desktop/backendcodeladder//node_modules/@paralleldrive/cuid2:
LICENSE
README.md
index.d.ts
index.js
package.json
src

/Users/dep/Desktop/backendcodeladder//node_modules/@paralleldrive/cuid2/src:
index.js

/Users/dep/Desktop/backendcodeladder//node_modules/@sinclair:
typebox

/Users/dep/Desktop/backendcodeladder//node_modules/@sinclair/typebox:
compiler
errors
license
package.json
readme.md
system
typebox.d.ts
typebox.js
value

/Users/dep/Desktop/backendcodeladder//node_modules/@sinclair/typebox/compiler:
compiler.d.ts
compiler.js
index.d.ts
index.js

/Users/dep/Desktop/backendcodeladder//node_modules/@sinclair/typebox/errors:
errors.d.ts
errors.js
index.d.ts
index.js

/Users/dep/Desktop/backendcodeladder//node_modules/@sinclair/typebox/system:
index.d.ts
index.js
system.d.ts
system.js

/Users/dep/Desktop/backendcodeladder//node_modules/@sinclair/typebox/value:
cast.d.ts
cast.js
check.d.ts
check.js
clone.d.ts
clone.js
convert.d.ts
convert.js
create.d.ts
create.js
delta.d.ts
delta.js
equal.d.ts
equal.js
hash.d.ts
hash.js
index.d.ts
index.js
is.d.ts
is.js
mutate.d.ts
mutate.js
pointer.d.ts
pointer.js
value.d.ts
value.js

/Users/dep/Desktop/backendcodeladder//node_modules/@sinonjs:
commons
fake-timers

/Users/dep/Desktop/backendcodeladder//node_modules/@sinonjs/commons:
LICENSE
README.md
lib
package.json
types

/Users/dep/Desktop/backendcodeladder//node_modules/@sinonjs/commons/lib:
called-in-order.js
called-in-order.test.js
class-name.js
class-name.test.js
deprecated.js
deprecated.test.js
every.js
every.test.js
function-name.js
function-name.test.js
global.js
global.test.js
index.js
index.test.js
order-by-first-call.js
order-by-first-call.test.js
prototypes
type-of.js
type-of.test.js
value-to-string.js
value-to-string.test.js

/Users/dep/Desktop/backendcodeladder//node_modules/@sinonjs/commons/lib/prototypes:
README.md
array.js
copy-prototype-methods.js
copy-prototype-methods.test.js
function.js
index.js
index.test.js
map.js
object.js
set.js
string.js
throws-on-proto.js

/Users/dep/Desktop/backendcodeladder//node_modules/@sinonjs/commons/types:
called-in-order.d.ts
class-name.d.ts
deprecated.d.ts
every.d.ts
function-name.d.ts
global.d.ts
index.d.ts
order-by-first-call.d.ts
prototypes
type-of.d.ts
value-to-string.d.ts

/Users/dep/Desktop/backendcodeladder//node_modules/@sinonjs/commons/types/prototypes:
array.d.ts
copy-prototype-methods.d.ts
function.d.ts
index.d.ts
map.d.ts
object.d.ts
set.d.ts
string.d.ts
throws-on-proto.d.ts

/Users/dep/Desktop/backendcodeladder//node_modules/@sinonjs/fake-timers:
LICENSE
README.md
package.json
src

/Users/dep/Desktop/backendcodeladder//node_modules/@sinonjs/fake-timers/src:
fake-timers-src.js

/Users/dep/Desktop/backendcodeladder//node_modules/@standard-schema:
spec

/Users/dep/Desktop/backendcodeladder//node_modules/@standard-schema/spec:
LICENSE
README.md
dist
package.json

/Users/dep/Desktop/backendcodeladder//node_modules/@standard-schema/spec/dist:
index.cjs
index.d.cts
index.d.ts
index.js

/Users/dep/Desktop/backendcodeladder//node_modules/@types:
babel__core
babel__generator
babel__template
babel__traverse
graceful-fs
istanbul-lib-coverage
istanbul-lib-report
istanbul-reports
node
stack-utils
webidl-conversions
whatwg-url
yargs
yargs-parser

/Users/dep/Desktop/backendcodeladder//node_modules/@types/babel__core:
LICENSE
README.md
index.d.ts
package.json

/Users/dep/Desktop/backendcodeladder//node_modules/@types/babel__generator:
LICENSE
README.md
index.d.ts
package.json

/Users/dep/Desktop/backendcodeladder//node_modules/@types/babel__template:
LICENSE
README.md
index.d.ts
package.json

/Users/dep/Desktop/backendcodeladder//node_modules/@types/babel__traverse:
LICENSE
README.md
index.d.ts
package.json

/Users/dep/Desktop/backendcodeladder//node_modules/@types/graceful-fs:
LICENSE
README.md
index.d.ts
package.json

/Users/dep/Desktop/backendcodeladder//node_modules/@types/istanbul-lib-coverage:
LICENSE
README.md
index.d.ts
package.json

/Users/dep/Desktop/backendcodeladder//node_modules/@types/istanbul-lib-report:
LICENSE
README.md
index.d.ts
package.json

/Users/dep/Desktop/backendcodeladder//node_modules/@types/istanbul-reports:
LICENSE
README.md
index.d.ts
package.json

/Users/dep/Desktop/backendcodeladder//node_modules/@types/node:
LICENSE
README.md
assert
assert.d.ts
async_hooks.d.ts
buffer.buffer.d.ts
buffer.d.ts
child_process.d.ts
cluster.d.ts
console.d.ts
constants.d.ts
crypto.d.ts
dgram.d.ts
diagnostics_channel.d.ts
dns
dns.d.ts
domain.d.ts
events.d.ts
ffi.d.ts
fs
fs.d.ts
globals.d.ts
globals.typedarray.d.ts
http.d.ts
http2.d.ts
https.d.ts
index.d.ts
inspector
inspector.d.ts
inspector.generated.d.ts
module.d.ts
net.d.ts
os.d.ts
package.json
path
path.d.ts
perf_hooks.d.ts
process.d.ts
punycode.d.ts
querystring.d.ts
quic.d.ts
readline
readline.d.ts
repl.d.ts
sea.d.ts
sqlite.d.ts
stream
stream.d.ts
string_decoder.d.ts
test
test.d.ts
timers
timers.d.ts
tls.d.ts
trace_events.d.ts
ts5.6
ts5.7
tty.d.ts
url.d.ts
util
util.d.ts
v8.d.ts
vfs.d.ts
vm.d.ts
wasi.d.ts
web-globals
worker_threads.d.ts
zlib
zlib.d.ts

/Users/dep/Desktop/backendcodeladder//node_modules/@types/node/assert:
strict.d.ts

/Users/dep/Desktop/backendcodeladder//node_modules/@types/node/dns:
promises.d.ts

/Users/dep/Desktop/backendcodeladder//node_modules/@types/node/fs:
promises.d.ts

/Users/dep/Desktop/backendcodeladder//node_modules/@types/node/inspector:
promises.d.ts

/Users/dep/Desktop/backendcodeladder//node_modules/@types/node/path:
posix.d.ts
win32.d.ts

/Users/dep/Desktop/backendcodeladder//node_modules/@types/node/readline:
promises.d.ts

/Users/dep/Desktop/backendcodeladder//node_modules/@types/node/stream:
consumers.d.ts
iter.d.ts
promises.d.ts
web.d.ts

/Users/dep/Desktop/backendcodeladder//node_modules/@types/node/test:
reporters.d.ts

/Users/dep/Desktop/backendcodeladder//node_modules/@types/node/timers:
promises.d.ts

/Users/dep/Desktop/backendcodeladder//node_modules/@types/node/ts5.6:
buffer.buffer.d.ts
compatibility
globals.typedarray.d.ts
index.d.ts

/Users/dep/Desktop/backendcodeladder//node_modules/@types/node/ts5.6/compatibility:
float16array.d.ts

/Users/dep/Desktop/backendcodeladder//node_modules/@types/node/ts5.7:
compatibility
index.d.ts

/Users/dep/Desktop/backendcodeladder//node_modules/@types/node/ts5.7/compatibility:
float16array.d.ts

/Users/dep/Desktop/backendcodeladder//node_modules/@types/node/util:
types.d.ts

/Users/dep/Desktop/backendcodeladder//node_modules/@types/node/web-globals:
abortcontroller.d.ts
blob.d.ts
console.d.ts
crypto.d.ts
domexception.d.ts
encoding.d.ts
events.d.ts
fetch.d.ts
importmeta.d.ts
messaging.d.ts
navigator.d.ts
performance.d.ts
storage.d.ts
streams.d.ts
timers.d.ts
url.d.ts

/Users/dep/Desktop/backendcodeladder//node_modules/@types/node/zlib:
iter.d.ts

/Users/dep/Desktop/backendcodeladder//node_modules/@types/stack-utils:
LICENSE
README.md
index.d.ts
package.json

/Users/dep/Desktop/backendcodeladder//node_modules/@types/webidl-conversions:
LICENSE
README.md
index.d.ts
package.json

/Users/dep/Desktop/backendcodeladder//node_modules/@types/whatwg-url:
LICENSE
README.md
index.d.ts
lib
package.json
webidl2js-wrapper.d.ts

/Users/dep/Desktop/backendcodeladder//node_modules/@types/whatwg-url/lib:
URL-impl.d.ts
URL.d.ts
URLSearchParams-impl.d.ts
URLSearchParams.d.ts

/Users/dep/Desktop/backendcodeladder//node_modules/@types/yargs:
LICENSE
README.md
helpers.d.mts
helpers.d.ts
index.d.mts
index.d.ts
package.json
yargs.d.ts

/Users/dep/Desktop/backendcodeladder//node_modules/@types/yargs-parser:
LICENSE
README.md
index.d.ts
package.json

/Users/dep/Desktop/backendcodeladder//node_modules/accepts:
HISTORY.md
LICENSE
README.md
index.js
package.json

/Users/dep/Desktop/backendcodeladder//node_modules/ansi-escapes:
index.d.ts
index.js
license
package.json
readme.md

/Users/dep/Desktop/backendcodeladder//node_modules/ansi-regex:
index.d.ts
index.js
license
package.json
readme.md

/Users/dep/Desktop/backendcodeladder//node_modules/ansi-styles:
index.d.ts
index.js
license
package.json
readme.md

/Users/dep/Desktop/backendcodeladder//node_modules/anymatch:
LICENSE
README.md
index.d.ts
index.js
package.json

/Users/dep/Desktop/backendcodeladder//node_modules/argparse:
CHANGELOG.md
LICENSE
README.md
index.js
lib
package.json

/Users/dep/Desktop/backendcodeladder//node_modules/argparse/lib:
action
action.js
action_container.js
argparse.js
argument
argument_parser.js
const.js
help
namespace.js
utils.js

/Users/dep/Desktop/backendcodeladder//node_modules/argparse/lib/action:
append
append.js
count.js
help.js
store
store.js
subparsers.js
version.js

/Users/dep/Desktop/backendcodeladder//node_modules/argparse/lib/action/append:
constant.js

/Users/dep/Desktop/backendcodeladder//node_modules/argparse/lib/action/store:
constant.js
false.js
true.js

/Users/dep/Desktop/backendcodeladder//node_modules/argparse/lib/argument:
error.js
exclusive.js
group.js

/Users/dep/Desktop/backendcodeladder//node_modules/argparse/lib/help:
added_formatters.js
formatter.js

/Users/dep/Desktop/backendcodeladder//node_modules/asap:
CHANGES.md
LICENSE.md
README.md
asap.js
browser-asap.js
browser-raw.js
package.json
raw.js

/Users/dep/Desktop/backendcodeladder//node_modules/asynckit:
LICENSE
README.md
bench.js
index.js
lib
package.json
parallel.js
serial.js
serialOrdered.js
stream.js

/Users/dep/Desktop/backendcodeladder//node_modules/asynckit/lib:
abort.js
async.js
defer.js
iterate.js
readable_asynckit.js
readable_parallel.js
readable_serial.js
readable_serial_ordered.js
state.js
streamify.js
terminator.js

/Users/dep/Desktop/backendcodeladder//node_modules/babel-jest:
LICENSE
README.md
build
package.json

/Users/dep/Desktop/backendcodeladder//node_modules/babel-jest/build:
index.d.ts
index.js
loadBabelConfig.js

/Users/dep/Desktop/backendcodeladder//node_modules/babel-plugin-istanbul:
CHANGELOG.md
LICENSE
README.md
lib
node_modules
package.json

/Users/dep/Desktop/backendcodeladder//node_modules/babel-plugin-istanbul/lib:
index.js
load-nyc-config-sync.js

/Users/dep/Desktop/backendcodeladder//node_modules/babel-plugin-istanbul/node_modules:
istanbul-lib-instrument
semver

/Users/dep/Desktop/backendcodeladder//node_modules/babel-plugin-istanbul/node_modules/istanbul-lib-instrument:
CHANGELOG.md
LICENSE
README.md
package.json
src

/Users/dep/Desktop/backendcodeladder//node_modules/babel-plugin-istanbul/node_modules/istanbul-lib-instrument/src:
constants.js
index.js
instrumenter.js
read-coverage.js
source-coverage.js
visitor.js

/Users/dep/Desktop/backendcodeladder//node_modules/babel-plugin-istanbul/node_modules/semver:
LICENSE
README.md
bin
package.json
range.bnf
semver.js

/Users/dep/Desktop/backendcodeladder//node_modules/babel-plugin-istanbul/node_modules/semver/bin:
semver.js

/Users/dep/Desktop/backendcodeladder//node_modules/babel-plugin-jest-hoist:
LICENSE
README.md
build
package.json

/Users/dep/Desktop/backendcodeladder//node_modules/babel-plugin-jest-hoist/build:
index.d.ts
index.js

/Users/dep/Desktop/backendcodeladder//node_modules/babel-preset-current-node-syntax:
LICENSE
README.md
package.json
src

/Users/dep/Desktop/backendcodeladder//node_modules/babel-preset-current-node-syntax/src:
index.js

/Users/dep/Desktop/backendcodeladder//node_modules/babel-preset-jest:
LICENSE
README.md
index.js
package.json

/Users/dep/Desktop/backendcodeladder//node_modules/balanced-match:
LICENSE.md
README.md
dist
package.json

/Users/dep/Desktop/backendcodeladder//node_modules/balanced-match/dist:
commonjs
esm

/Users/dep/Desktop/backendcodeladder//node_modules/balanced-match/dist/commonjs:
index.d.ts
index.d.ts.map
index.js
index.js.map
package.json

/Users/dep/Desktop/backendcodeladder//node_modules/balanced-match/dist/esm:
index.d.ts
index.d.ts.map
index.js
index.js.map
package.json

/Users/dep/Desktop/backendcodeladder//node_modules/baseline-browser-mapping:
LICENSE.txt
README.md
dist
package.json

/Users/dep/Desktop/backendcodeladder//node_modules/baseline-browser-mapping/dist:
cli.cjs
index.cjs
index.d.ts
index.js
types.d.ts
utils.d.ts

/Users/dep/Desktop/backendcodeladder//node_modules/bcrypt:
CHANGELOG.md
Dockerfile
Dockerfile-alpine
ISSUE_TEMPLATE.md
LICENSE
Makefile
README.md
SECURITY.md
bcrypt.js
binding.gyp
build-all.sh
examples
package.json
prebuilds
promises.js
src
test

/Users/dep/Desktop/backendcodeladder//node_modules/bcrypt/examples:
async_compare.js
forever_gen_salt.js

/Users/dep/Desktop/backendcodeladder//node_modules/bcrypt/prebuilds:
darwin-arm64
darwin-x64
linux-arm
linux-arm64
linux-x64
win32-arm64
win32-x64

/Users/dep/Desktop/backendcodeladder//node_modules/bcrypt/prebuilds/darwin-arm64:
bcrypt.node

/Users/dep/Desktop/backendcodeladder//node_modules/bcrypt/prebuilds/darwin-x64:
bcrypt.node

/Users/dep/Desktop/backendcodeladder//node_modules/bcrypt/prebuilds/linux-arm:
bcrypt.glibc.node
bcrypt.musl.node

/Users/dep/Desktop/backendcodeladder//node_modules/bcrypt/prebuilds/linux-arm64:
bcrypt.glibc.node
bcrypt.musl.node

/Users/dep/Desktop/backendcodeladder//node_modules/bcrypt/prebuilds/linux-x64:
bcrypt.glibc.node
bcrypt.musl.node

/Users/dep/Desktop/backendcodeladder//node_modules/bcrypt/prebuilds/win32-arm64:
bcrypt.node

/Users/dep/Desktop/backendcodeladder//node_modules/bcrypt/prebuilds/win32-x64:
bcrypt.node

/Users/dep/Desktop/backendcodeladder//node_modules/bcrypt/src:
bcrypt.cc
bcrypt_node.cc
blowfish.cc
node_blf.h

/Users/dep/Desktop/backendcodeladder//node_modules/bcrypt/test:
async.test.js
implementation.test.js
promise.test.js
repetitions.test.js
sync.test.js

/Users/dep/Desktop/backendcodeladder//node_modules/binary-extensions:
binary-extensions.json
binary-extensions.json.d.ts
index.d.ts
index.js
license
package.json
readme.md

/Users/dep/Desktop/backendcodeladder//node_modules/body-parser:
LICENSE
README.md
index.js
lib
node_modules
package.json

/Users/dep/Desktop/backendcodeladder//node_modules/body-parser/lib:
read.js
types
utils.js

/Users/dep/Desktop/backendcodeladder//node_modules/body-parser/lib/types:
json.js
raw.js
text.js
urlencoded.js

/Users/dep/Desktop/backendcodeladder//node_modules/body-parser/node_modules:
content-type

/Users/dep/Desktop/backendcodeladder//node_modules/body-parser/node_modules/content-type:
LICENSE
README.md
dist
package.json

/Users/dep/Desktop/backendcodeladder//node_modules/body-parser/node_modules/content-type/dist:
index.d.ts
index.js
index.js.map

/Users/dep/Desktop/backendcodeladder//node_modules/brace-expansion:
LICENSE
README.md
dist
package.json

/Users/dep/Desktop/backendcodeladder//node_modules/brace-expansion/dist:
commonjs
esm

/Users/dep/Desktop/backendcodeladder//node_modules/brace-expansion/dist/commonjs:
index.d.ts
index.d.ts.map
index.js
index.js.map
package.json

/Users/dep/Desktop/backendcodeladder//node_modules/brace-expansion/dist/esm:
index.d.ts
index.d.ts.map
index.js
index.js.map
package.json

/Users/dep/Desktop/backendcodeladder//node_modules/braces:
LICENSE
README.md
index.js
lib
package.json

/Users/dep/Desktop/backendcodeladder//node_modules/braces/lib:
compile.js
constants.js
expand.js
parse.js
stringify.js
utils.js

/Users/dep/Desktop/backendcodeladder//node_modules/browserslist:
LICENSE
README.md
browser.js
cli.js
error.d.ts
error.js
index.d.ts
index.js
node.js
package.json
parse.js

/Users/dep/Desktop/backendcodeladder//node_modules/bser:
README.md
index.js
package.json

/Users/dep/Desktop/backendcodeladder//node_modules/bson:
LICENSE.md
README.md
bson.d.ts
etc
lib
package.json
src

/Users/dep/Desktop/backendcodeladder//node_modules/bson/etc:
prepare.js

/Users/dep/Desktop/backendcodeladder//node_modules/bson/lib:
bson.bundle.js
bson.bundle.js.map
bson.cjs
bson.cjs.map
bson.mjs
bson.mjs.map
bson.node.mjs
bson.node.mjs.map
bson.rn.cjs
bson.rn.cjs.map

/Users/dep/Desktop/backendcodeladder//node_modules/bson/src:
binary.ts
bson.ts
bson_value.ts
code.ts
constants.ts
db_ref.ts
decimal128.ts
double.ts
error.ts
extended_json.ts
index.ts
int_32.ts
long.ts
max_key.ts
min_key.ts
objectid.ts
parse_utf8.ts
parser
regexp.ts
symbol.ts
timestamp.ts
utils

/Users/dep/Desktop/backendcodeladder//node_modules/bson/src/parser:
calculate_size.ts
deserializer.ts
on_demand
serializer.ts
utils.ts

/Users/dep/Desktop/backendcodeladder//node_modules/bson/src/parser/on_demand:
index.ts
parse_to_elements.ts

/Users/dep/Desktop/backendcodeladder//node_modules/bson/src/utils:
byte_utils.ts
latin.ts
node_byte_utils.ts
number_utils.ts
string_utils.ts
web_byte_utils.ts

/Users/dep/Desktop/backendcodeladder//node_modules/buffer-equal-constant-time:
LICENSE.txt
README.md
index.js
package.json
test.js

/Users/dep/Desktop/backendcodeladder//node_modules/buffer-from:
LICENSE
index.js
package.json
readme.md

/Users/dep/Desktop/backendcodeladder//node_modules/bytes:
History.md
LICENSE
Readme.md
index.js
package.json

/Users/dep/Desktop/backendcodeladder//node_modules/call-bind-apply-helpers:
CHANGELOG.md
LICENSE
README.md
actualApply.d.ts
actualApply.js
applyBind.d.ts
applyBind.js
functionApply.d.ts
functionApply.js
functionCall.d.ts
functionCall.js
index.d.ts
index.js
package.json
reflectApply.d.ts
reflectApply.js
test
tsconfig.json

/Users/dep/Desktop/backendcodeladder//node_modules/call-bind-apply-helpers/test:
index.js

/Users/dep/Desktop/backendcodeladder//node_modules/call-bound:
CHANGELOG.md
LICENSE
README.md
index.d.ts
index.js
package.json
test
tsconfig.json

/Users/dep/Desktop/backendcodeladder//node_modules/call-bound/test:
index.js

/Users/dep/Desktop/backendcodeladder//node_modules/callsites:
index.d.ts
index.js
license
package.json
readme.md

/Users/dep/Desktop/backendcodeladder//node_modules/camelcase:
index.d.ts
index.js
license
package.json
readme.md

/Users/dep/Desktop/backendcodeladder//node_modules/caniuse-lite:
LICENSE
README.md
data
dist
package.json

/Users/dep/Desktop/backendcodeladder//node_modules/caniuse-lite/data:
agents.js
browserVersions.js
browsers.js
features
features.js
regions
versionGroups.js

/Users/dep/Desktop/backendcodeladder//node_modules/caniuse-lite/data/features:
aac.js
abortcontroller.js
ac3-ec3.js
accelerometer.js
addeventlistener.js
alternate-stylesheet.js
ambient-light.js
apng.js
array-find-index.js
array-find.js
array-flat.js
array-includes.js
arrow-functions.js
asmjs.js
async-clipboard.js
async-functions.js
atob-btoa.js
audio-api.js
audio.js
audiotracks.js
autofocus.js
auxclick.js
av1.js
avif.js
background-attachment.js
background-clip-text.js
background-img-opts.js
background-position-x-y.js
background-repeat-round-space.js
background-sync.js
battery-status.js
beacon.js
beforeafterprint.js
bigint.js
blobbuilder.js
bloburls.js
border-image.js
border-radius.js
broadcastchannel.js
brotli.js
calc.js
canvas-blending.js
canvas-text.js
canvas.js
ch-unit.js
chacha20-poly1305.js
channel-messaging.js
childnode-remove.js
classlist.js
client-hints-dpr-width-viewport.js
clipboard.js
colr-v1.js
colr.js
comparedocumentposition.js
console-basic.js
console-time.js
const.js
constraint-validation.js
contenteditable.js
contentsecuritypolicy.js
contentsecuritypolicy2.js
cookie-store-api.js
cors.js
createimagebitmap.js
credential-management.js
cross-document-view-transitions.js
cryptography.js
css-all.js
css-anchor-positioning.js
css-animation.js
css-any-link.js
css-appearance.js
css-at-counter-style.js
css-autofill.js
css-backdrop-filter.js
css-background-offsets.js
css-backgroundblendmode.js
css-boxdecorationbreak.js
css-boxshadow.js
css-canvas.js
css-caret-color.js
css-cascade-layers.js
css-cascade-scope.js
css-case-insensitive.js
css-clip-path.js
css-color-adjust.js
css-color-function.js
css-conic-gradients.js
css-container-queries-style.js
css-container-queries.js
css-container-query-units.js
css-containment.js
css-content-visibility.js
css-counters.js
css-crisp-edges.js
css-cross-fade.js
css-default-pseudo.js
css-descendant-gtgt.js
css-deviceadaptation.js
css-dir-pseudo.js
css-display-contents.js
css-element-function.js
css-env-function.js
css-exclusions.js
css-featurequeries.js
css-file-selector-button.js
css-filter-function.js
css-filters.js
css-first-letter.js
css-first-line.js
css-fixed.js
css-focus-visible.js
css-focus-within.js
css-font-palette.js
css-font-rendering-controls.js
css-font-stretch.js
css-gencontent.js
css-gradients.js
css-grid-animation.js
css-grid-lanes.js
css-grid.js
css-hanging-punctuation.js
css-has.js
css-hyphens.js
css-if.js
css-image-orientation.js
css-image-set.js
css-in-out-of-range.js
css-indeterminate-pseudo.js
css-initial-letter.js
css-initial-value.js
css-lch-lab.js
css-letter-spacing.js
css-line-clamp.js
css-logical-props.js
css-marker-pseudo.js
css-masks.js
css-matches-pseudo.js
css-math-functions.js
css-media-interaction.js
css-media-range-syntax.js
css-media-resolution.js
css-media-scripting.js
css-mediaqueries.js
css-mixblendmode.js
css-module-scripts.js
css-motion-paths.js
css-namespaces.js
css-nesting.js
css-not-sel-list.js
css-nth-child-of.js
css-opacity.js
css-optional-pseudo.js
css-overflow-anchor.js
css-overflow-overlay.js
css-overflow.js
css-overscroll-behavior.js
css-page-break.js
css-paged-media.js
css-paint-api.js
css-placeholder-shown.js
css-placeholder.js
css-print-color-adjust.js
css-read-only-write.js
css-rebeccapurple.js
css-reflections.js
css-regions.js
css-relative-colors.js
css-repeating-gradients.js
css-resize.js
css-revert-value.js
css-rrggbbaa.js
css-scroll-behavior.js
css-scrollbar.js
css-sel2.js
css-sel3.js
css-selection.js
css-shapes.js
css-snappoints.js
css-sticky.js
css-subgrid.js
css-supports-api.js
css-table.js
css-text-align-last.js
css-text-box-trim.js
css-text-indent.js
css-text-justify.js
css-text-orientation.js
css-text-spacing.js
css-text-wrap-balance.js
css-textshadow.js
css-touch-action.js
css-transitions.js
css-unicode-bidi.js
css-unset-value.js
css-variables.js
css-when-else.js
css-widows-orphans.js
css-width-stretch.js
css-writing-mode.js
css-zoom.js
css3-attr.js
css3-boxsizing.js
css3-colors.js
css3-cursors-grab.js
css3-cursors-newer.js
css3-cursors.js
css3-tabsize.js
currentcolor.js
custom-elements.js
custom-elementsv1.js
customevent.js
customizable-select.js
datalist.js
dataset.js
datauri.js
date-tolocaledatestring.js
declarative-shadow-dom.js
decorators.js
details.js
deviceorientation.js
devicepixelratio.js
dialog.js
dispatchevent.js
dnssec.js
do-not-track.js
document-currentscript.js
document-evaluate-xpath.js
document-execcommand.js
document-policy.js
document-scrollingelement.js
documenthead.js
dom-manip-convenience.js
dom-range.js
domcontentloaded.js
dommatrix.js
download.js
dragndrop.js
element-closest.js
element-from-point.js
element-scroll-methods.js
eme.js
eot.js
es5.js
es6-class.js
es6-generators.js
es6-module-dynamic-import.js
es6-module.js
es6-number.js
es6-string-includes.js
es6.js
eventsource.js
extended-system-fonts.js
feature-policy.js
fetch.js
fieldset-disabled.js
fileapi.js
filereader.js
filereadersync.js
filesystem.js
flac.js
flexbox-gap.js
flexbox.js
flow-root.js
focusin-focusout-events.js
font-family-system-ui.js
font-feature.js
font-kerning.js
font-loading.js
font-size-adjust.js
font-smooth.js
font-unicode-range.js
font-variant-alternates.js
font-variant-numeric.js
fontface.js
form-attribute.js
form-submit-attributes.js
form-validation.js
forms.js
fullscreen.js
gamepad.js
geolocation.js
getboundingclientrect.js
getcomputedstyle.js
getelementsbyclassname.js
getrandomvalues.js
gyroscope.js
hardwareconcurrency.js
hashchange.js
heif.js
hevc.js
hidden.js
high-resolution-time.js
history.js
html-media-capture.js
html5semantic.js
http-live-streaming.js
http2.js
http3.js
iframe-sandbox.js
iframe-seamless.js
iframe-srcdoc.js
imagecapture.js
ime.js
img-naturalwidth-naturalheight.js
import-maps.js
imports.js
indeterminate-checkbox.js
indexeddb.js
indexeddb2.js
inline-block.js
innertext.js
input-autocomplete-onoff.js
input-color.js
input-datetime.js
input-email-tel-url.js
input-event.js
input-file-accept.js
input-file-directory.js
input-file-multiple.js
input-inputmode.js
input-minlength.js
input-number.js
input-pattern.js
input-placeholder.js
input-range.js
input-search.js
input-selection.js
insert-adjacent.js
insertadjacenthtml.js
internationalization.js
intersectionobserver-v2.js
intersectionobserver.js
intl-pluralrules.js
intrinsic-width.js
jpeg2000.js
jpegxl.js
jpegxr.js
js-regexp-lookbehind.js
json.js
justify-content-space-evenly.js
kerning-pairs-ligatures.js
keyboardevent-charcode.js
keyboardevent-code.js
keyboardevent-getmodifierstate.js
keyboardevent-key.js
keyboardevent-location.js
keyboardevent-which.js
lazyload.js
let.js
link-icon-png.js
link-icon-svg.js
link-rel-dns-prefetch.js
link-rel-modulepreload.js
link-rel-preconnect.js
link-rel-prefetch.js
link-rel-preload.js
link-rel-prerender.js
loading-lazy-attr.js
loading-lazy-media.js
localecompare.js
magnetometer.js
matchesselector.js
matchmedia.js
mathml.js
maxlength.js
mdn-css-backdrop-pseudo-element.js
mdn-css-unicode-bidi-isolate-override.js
mdn-css-unicode-bidi-isolate.js
mdn-css-unicode-bidi-plaintext.js
mdn-text-decoration-color.js
mdn-text-decoration-line.js
mdn-text-decoration-shorthand.js
mdn-text-decoration-style.js
media-fragments.js
mediacapture-fromelement.js
mediarecorder.js
mediasource.js
menu.js
meta-theme-color.js
meter.js
midi.js
minmaxwh.js
mp3.js
mpeg-dash.js
mpeg4.js
multibackgrounds.js
multicolumn.js
mutation-events.js
mutationobserver.js
namevalue-storage.js
native-filesystem-api.js
nav-timing.js
netinfo.js
notifications.js
object-entries.js
object-fit.js
object-observe.js
object-values.js
objectrtc.js
offline-apps.js
offscreencanvas.js
ogg-vorbis.js
ogv.js
ol-reversed.js
once-event-listener.js
online-status.js
opus.js
orientation-sensor.js
outline.js
pad-start-end.js
page-transition-events.js
pagevisibility.js
passive-event-listener.js
passkeys.js
passwordrules.js
path2d.js
payment-request.js
pdf-viewer.js
permissions-api.js
permissions-policy.js
picture-in-picture.js
picture.js
ping.js
png-alpha.js
pointer-events.js
pointer.js
pointerlock.js
portals.js
prefers-color-scheme.js
prefers-reduced-motion.js
progress.js
promise-finally.js
promises.js
proximity.js
proxy.js
publickeypinning.js
push-api.js
queryselector.js
readonly-attr.js
referrer-policy.js
registerprotocolhandler.js
rel-noopener.js
rel-noreferrer.js
rellist.js
rem.js
requestanimationframe.js
requestidlecallback.js
resizeobserver.js
resource-timing.js
rest-parameters.js
rtcpeerconnection.js
ruby.js
run-in.js
same-site-cookie-attribute.js
screen-orientation.js
script-async.js
script-defer.js
scrollintoview.js
scrollintoviewifneeded.js
sdch.js
selection-api.js
server-timing.js
serviceworkers.js
setimmediate.js
shadowdom.js
shadowdomv1.js
sharedarraybuffer.js
sharedworkers.js
sni.js
spdy.js
speech-recognition.js
speech-synthesis.js
spellcheck-attribute.js
sql-storage.js
srcset.js
stream.js
streams.js
stricttransportsecurity.js
style-scoped.js
subresource-bundling.js
subresource-integrity.js
svg-css.js
svg-filters.js
svg-fonts.js
svg-fragment.js
svg-html.js
svg-html5.js
svg-img.js
svg-smil.js
svg.js
sxg.js
tabindex-attr.js
template-literals.js
template.js
temporal.js
testfeat.js
text-decoration.js
text-emphasis.js
text-overflow.js
text-size-adjust.js
text-stroke.js
textcontent.js
textencoder.js
tls1-1.js
tls1-2.js
tls1-3.js
touch.js
transforms2d.js
transforms3d.js
trusted-types.js
ttf.js
typedarrays.js
u2f.js
unhandledrejection.js
upgradeinsecurerequests.js
url-scroll-to-text-fragment.js
url.js
urlsearchparams.js
use-strict.js
user-select-none.js
user-timing.js
variable-fonts.js
vector-effect.js
vibration.js
video.js
videotracks.js
view-transitions.js
viewport-unit-variants.js
viewport-units.js
wai-aria.js
wake-lock.js
wasm-bigint.js
wasm-bulk-memory.js
wasm-extended-const.js
wasm-gc.js
wasm-multi-memory.js
wasm-multi-value.js
wasm-mutable-globals.js
wasm-nontrapping-fptoint.js
wasm-reference-types.js
wasm-relaxed-simd.js
wasm-signext.js
wasm-simd.js
wasm-tail-calls.js
wasm-threads.js
wasm.js
wav.js
wbr-element.js
web-animation.js
web-app-manifest.js
web-bluetooth.js
web-serial.js
web-share.js
webauthn.js
webcodecs.js
webgl.js
webgl2.js
webgpu.js
webhid.js
webkit-user-drag.js
webm.js
webnfc.js
webp.js
websockets.js
webtransport.js
webusb.js
webvr.js
webvtt.js
webworkers.js
webxr.js
will-change.js
woff.js
woff2.js
word-break.js
wordwrap.js
x-doc-messaging.js
x-frame-options.js
xhr2.js
xhtml.js
xhtmlsmil.js
xml-serializer.js
zstd.js

/Users/dep/Desktop/backendcodeladder//node_modules/caniuse-lite/data/regions:
AD.js
AE.js
AF.js
AG.js
AI.js
AL.js
AM.js
AO.js
AR.js
AS.js
AT.js
AU.js
AW.js
AX.js
AZ.js
BA.js
BB.js
BD.js
BE.js
BF.js
BG.js
BH.js
BI.js
BJ.js
BM.js
BN.js
BO.js
BR.js
BS.js
BT.js
BW.js
BY.js
BZ.js
CA.js
CD.js
CF.js
CG.js
CH.js
CI.js
CK.js
CL.js
CM.js
CN.js
CO.js
CR.js
CU.js
CV.js
CX.js
CY.js
CZ.js
DE.js
DJ.js
DK.js
DM.js
DO.js
DZ.js
EC.js
EE.js
EG.js
ER.js
ES.js
ET.js
FI.js
FJ.js
FK.js
FM.js
FO.js
FR.js
GA.js
GB.js
GD.js
GE.js
GF.js
GG.js
GH.js
GI.js
GL.js
GM.js
GN.js
GP.js
GQ.js
GR.js
GT.js
GU.js
GW.js
GY.js
HK.js
HN.js
HR.js
HT.js
HU.js
ID.js
IE.js
IL.js
IM.js
IN.js
IQ.js
IR.js
IS.js
IT.js
JE.js
JM.js
JO.js
JP.js
KE.js
KG.js
KH.js
KI.js
KM.js
KN.js
KP.js
KR.js
KW.js
KY.js
KZ.js
LA.js
LB.js
LC.js
LI.js
LK.js
LR.js
LS.js
LT.js
LU.js
LV.js
LY.js
MA.js
MC.js
MD.js
ME.js
MG.js
MH.js
MK.js
ML.js
MM.js
MN.js
MO.js
MP.js
MQ.js
MR.js
MS.js
MT.js
MU.js
MV.js
MW.js
MX.js
MY.js
MZ.js
NA.js
NC.js
NE.js
NF.js
NG.js
NI.js
NL.js
NO.js
NP.js
NR.js
NU.js
NZ.js
OM.js
PA.js
PE.js
PF.js
PG.js
PH.js
PK.js
PL.js
PM.js
PN.js
PR.js
PS.js
PT.js
PW.js
PY.js
QA.js
RE.js
RO.js
RS.js
RU.js
RW.js
SA.js
SB.js
SC.js
SD.js
SE.js
SG.js
SH.js
SI.js
SK.js
SL.js
SM.js
SN.js
SO.js
SR.js
ST.js
SV.js
SY.js
SZ.js
TC.js
TD.js
TG.js
TH.js
TJ.js
TL.js
TM.js
TN.js
TO.js
TR.js
TT.js
TV.js
TW.js
TZ.js
UA.js
UG.js
US.js
UY.js
UZ.js
VA.js
VC.js
VE.js
VG.js
VI.js
VN.js
VU.js
WF.js
WS.js
YE.js
YT.js
ZA.js
ZM.js
ZW.js
alt-af.js
alt-an.js
alt-as.js
alt-eu.js
alt-na.js
alt-oc.js
alt-sa.js
alt-ww.js

/Users/dep/Desktop/backendcodeladder//node_modules/caniuse-lite/dist:
lib
unpacker

/Users/dep/Desktop/backendcodeladder//node_modules/caniuse-lite/dist/lib:
statuses.js
supported.js

/Users/dep/Desktop/backendcodeladder//node_modules/caniuse-lite/dist/unpacker:
agents.js
browserVersions.js
browsers.js
feature.js
features.js
index.js
region.js
versionGroups.js

/Users/dep/Desktop/backendcodeladder//node_modules/chalk:
index.d.ts
license
node_modules
package.json
readme.md
source

/Users/dep/Desktop/backendcodeladder//node_modules/chalk/node_modules:
has-flag
supports-color

/Users/dep/Desktop/backendcodeladder//node_modules/chalk/node_modules/has-flag:
index.d.ts
index.js
license
package.json
readme.md

/Users/dep/Desktop/backendcodeladder//node_modules/chalk/node_modules/supports-color:
browser.js
index.js
license
package.json
readme.md

/Users/dep/Desktop/backendcodeladder//node_modules/chalk/source:
index.js
templates.js
util.js

/Users/dep/Desktop/backendcodeladder//node_modules/char-regex:
LICENSE
README.md
index.d.ts
index.js
package.json

/Users/dep/Desktop/backendcodeladder//node_modules/chokidar:
LICENSE
README.md
index.js
lib
package.json
types

/Users/dep/Desktop/backendcodeladder//node_modules/chokidar/lib:
constants.js
fsevents-handler.js
nodefs-handler.js

/Users/dep/Desktop/backendcodeladder//node_modules/chokidar/types:
index.d.ts

/Users/dep/Desktop/backendcodeladder//node_modules/ci-info:
CHANGELOG.md
LICENSE
README.md
index.d.ts
index.js
package.json
vendors.json

/Users/dep/Desktop/backendcodeladder//node_modules/cjs-module-lexer:
LICENSE
README.md
dist
lexer.d.ts
lexer.js
package.json

/Users/dep/Desktop/backendcodeladder//node_modules/cjs-module-lexer/dist:
lexer.js
lexer.mjs

/Users/dep/Desktop/backendcodeladder//node_modules/cliui:
CHANGELOG.md
LICENSE.txt
README.md
build
index.mjs
package.json

/Users/dep/Desktop/backendcodeladder//node_modules/cliui/build:
index.cjs
index.d.cts
lib

/Users/dep/Desktop/backendcodeladder//node_modules/cliui/build/lib:
index.js
string-utils.js

/Users/dep/Desktop/backendcodeladder//node_modules/co:
History.md
LICENSE
Readme.md
index.js
package.json

/Users/dep/Desktop/backendcodeladder//node_modules/collect-v8-coverage:
CHANGELOG.md
LICENSE
README.md
index.d.ts
index.js
package.json

/Users/dep/Desktop/backendcodeladder//node_modules/color-convert:
CHANGELOG.md
LICENSE
README.md
conversions.js
index.js
package.json
route.js

/Users/dep/Desktop/backendcodeladder//node_modules/color-name:
LICENSE
README.md
index.js
package.json

/Users/dep/Desktop/backendcodeladder//node_modules/combined-stream:
License
Readme.md
lib
package.json
yarn.lock

/Users/dep/Desktop/backendcodeladder//node_modules/combined-stream/lib:
combined_stream.js

/Users/dep/Desktop/backendcodeladder//node_modules/component-emitter:
LICENSE
Readme.md
index.js
package.json

/Users/dep/Desktop/backendcodeladder//node_modules/concat-map:
LICENSE
README.markdown
example
index.js
package.json
test

/Users/dep/Desktop/backendcodeladder//node_modules/concat-map/example:
map.js

/Users/dep/Desktop/backendcodeladder//node_modules/concat-map/test:
map.js

/Users/dep/Desktop/backendcodeladder//node_modules/content-disposition:
LICENSE
README.md
index.js
package.json

/Users/dep/Desktop/backendcodeladder//node_modules/content-type:
HISTORY.md
LICENSE
README.md
index.js
package.json

/Users/dep/Desktop/backendcodeladder//node_modules/convert-source-map:
LICENSE
README.md
index.js
package.json

/Users/dep/Desktop/backendcodeladder//node_modules/cookie:
LICENSE
README.md
SECURITY.md
index.js
package.json

/Users/dep/Desktop/backendcodeladder//node_modules/cookie-signature:
History.md
LICENSE
Readme.md
index.js
package.json

/Users/dep/Desktop/backendcodeladder//node_modules/cookiejar:
LICENSE
cookiejar.js
package.json
readme.md

/Users/dep/Desktop/backendcodeladder//node_modules/cors:
LICENSE
README.md
lib
package.json

/Users/dep/Desktop/backendcodeladder//node_modules/cors/lib:
index.js

/Users/dep/Desktop/backendcodeladder//node_modules/create-jest:
LICENSE
README.md
bin
build
package.json

/Users/dep/Desktop/backendcodeladder//node_modules/create-jest/bin:
create-jest.js

/Users/dep/Desktop/backendcodeladder//node_modules/create-jest/build:
errors.js
generateConfigFile.js
index.d.ts
index.js
modifyPackageJson.js
questions.js
runCreate.js
types.js

/Users/dep/Desktop/backendcodeladder//node_modules/cross-spawn:
LICENSE
README.md
index.js
lib
package.json

/Users/dep/Desktop/backendcodeladder//node_modules/cross-spawn/lib:
enoent.js
parse.js
util

/Users/dep/Desktop/backendcodeladder//node_modules/cross-spawn/lib/util:
escape.js
readShebang.js
resolveCommand.js

/Users/dep/Desktop/backendcodeladder//node_modules/debug:
LICENSE
README.md
package.json
src

/Users/dep/Desktop/backendcodeladder//node_modules/debug/src:
browser.js
common.js
index.js
node.js

/Users/dep/Desktop/backendcodeladder//node_modules/dedent:
LICENSE.md
README.md
dist
macro.js
package.json

/Users/dep/Desktop/backendcodeladder//node_modules/dedent/dist:
dedent.d.mts
dedent.d.ts
dedent.js
dedent.mjs

/Users/dep/Desktop/backendcodeladder//node_modules/deepmerge:
changelog.md
dist
index.d.ts
index.js
license.txt
package.json
readme.md
rollup.config.js

/Users/dep/Desktop/backendcodeladder//node_modules/deepmerge/dist:
cjs.js
umd.js

/Users/dep/Desktop/backendcodeladder//node_modules/delayed-stream:
License
Makefile
Readme.md
lib
package.json

/Users/dep/Desktop/backendcodeladder//node_modules/delayed-stream/lib:
delayed_stream.js

/Users/dep/Desktop/backendcodeladder//node_modules/depd:
History.md
LICENSE
Readme.md
index.js
lib
package.json

/Users/dep/Desktop/backendcodeladder//node_modules/depd/lib:
browser

/Users/dep/Desktop/backendcodeladder//node_modules/depd/lib/browser:
index.js

/Users/dep/Desktop/backendcodeladder//node_modules/detect-newline:
index.d.ts
index.js
license
package.json
readme.md

/Users/dep/Desktop/backendcodeladder//node_modules/dezalgo:
LICENSE
README.md
dezalgo.js
package.json

/Users/dep/Desktop/backendcodeladder//node_modules/diff-sequences:
LICENSE
README.md
build
package.json

/Users/dep/Desktop/backendcodeladder//node_modules/diff-sequences/build:
index.d.ts
index.js

/Users/dep/Desktop/backendcodeladder//node_modules/dotenv:
CHANGELOG.md
LICENSE
README-es.md
README.md
SECURITY.md
config.d.ts
config.js
lib
package.json
skills

/Users/dep/Desktop/backendcodeladder//node_modules/dotenv/lib:
cli-options.js
env-options.js
main.d.ts
main.js

/Users/dep/Desktop/backendcodeladder//node_modules/dotenv/skills:
dotenv
dotenvx

/Users/dep/Desktop/backendcodeladder//node_modules/dotenv/skills/dotenv:
SKILL.md

/Users/dep/Desktop/backendcodeladder//node_modules/dotenv/skills/dotenvx:
SKILL.md

/Users/dep/Desktop/backendcodeladder//node_modules/dunder-proto:
CHANGELOG.md
LICENSE
README.md
get.d.ts
get.js
package.json
set.d.ts
set.js
test
tsconfig.json

/Users/dep/Desktop/backendcodeladder//node_modules/dunder-proto/test:
get.js
index.js
set.js

/Users/dep/Desktop/backendcodeladder//node_modules/ecdsa-sig-formatter:
CODEOWNERS
LICENSE
README.md
package.json
src

/Users/dep/Desktop/backendcodeladder//node_modules/ecdsa-sig-formatter/src:
ecdsa-sig-formatter.d.ts
ecdsa-sig-formatter.js
param-bytes-for-alg.js

/Users/dep/Desktop/backendcodeladder//node_modules/ee-first:
LICENSE
README.md
index.js
package.json

/Users/dep/Desktop/backendcodeladder//node_modules/electron-to-chromium:
LICENSE
README.md
chromium-versions.js
chromium-versions.json
full-chromium-versions.js
full-chromium-versions.json
full-versions.js
full-versions.json
index.js
package.json
versions.js
versions.json

/Users/dep/Desktop/backendcodeladder//node_modules/emittery:
index.d.ts
index.js
license
maps.js
package.json
readme.md

/Users/dep/Desktop/backendcodeladder//node_modules/emoji-regex:
LICENSE-MIT.txt
README.md
es2015
index.d.ts
index.js
package.json
text.js

/Users/dep/Desktop/backendcodeladder//node_modules/emoji-regex/es2015:
index.js
text.js

/Users/dep/Desktop/backendcodeladder//node_modules/encodeurl:
LICENSE
README.md
index.js
package.json

/Users/dep/Desktop/backendcodeladder//node_modules/error-ex:
LICENSE
README.md
index.js
package.json

/Users/dep/Desktop/backendcodeladder//node_modules/es-define-property:
CHANGELOG.md
LICENSE
README.md
index.d.ts
index.js
package.json
test
tsconfig.json

/Users/dep/Desktop/backendcodeladder//node_modules/es-define-property/test:
index.js

/Users/dep/Desktop/backendcodeladder//node_modules/es-errors:
CHANGELOG.md
LICENSE
README.md
eval.d.ts
eval.js
index.d.ts
index.js
package.json
range.d.ts
range.js
ref.d.ts
ref.js
syntax.d.ts
syntax.js
test
tsconfig.json
type.d.ts
type.js
uri.d.ts
uri.js

/Users/dep/Desktop/backendcodeladder//node_modules/es-errors/test:
index.js

/Users/dep/Desktop/backendcodeladder//node_modules/es-object-atoms:
CHANGELOG.md
LICENSE
README.md
RequireObjectCoercible.d.ts
RequireObjectCoercible.js
ToObject.d.ts
ToObject.js
index.d.ts
index.js
isObject.d.ts
isObject.js
package.json
test
tsconfig.json

/Users/dep/Desktop/backendcodeladder//node_modules/es-object-atoms/test:
index.js

/Users/dep/Desktop/backendcodeladder//node_modules/es-set-tostringtag:
CHANGELOG.md
LICENSE
README.md
index.d.ts
index.js
package.json
test
tsconfig.json

/Users/dep/Desktop/backendcodeladder//node_modules/es-set-tostringtag/test:
index.js

/Users/dep/Desktop/backendcodeladder//node_modules/escalade:
dist
index.d.mts
index.d.ts
license
package.json
readme.md
sync

/Users/dep/Desktop/backendcodeladder//node_modules/escalade/dist:
index.js
index.mjs

/Users/dep/Desktop/backendcodeladder//node_modules/escalade/sync:
index.d.mts
index.d.ts
index.js
index.mjs

/Users/dep/Desktop/backendcodeladder//node_modules/escape-html:
LICENSE
Readme.md
index.js
package.json

/Users/dep/Desktop/backendcodeladder//node_modules/escape-string-regexp:
index.d.ts
index.js
license
package.json
readme.md

/Users/dep/Desktop/backendcodeladder//node_modules/esprima:
ChangeLog
LICENSE.BSD
README.md
bin
dist
package.json

/Users/dep/Desktop/backendcodeladder//node_modules/esprima/bin:
esparse.js
esvalidate.js

/Users/dep/Desktop/backendcodeladder//node_modules/esprima/dist:
esprima.js

/Users/dep/Desktop/backendcodeladder//node_modules/etag:
HISTORY.md
LICENSE
README.md
index.js
package.json

/Users/dep/Desktop/backendcodeladder//node_modules/execa:
index.d.ts
index.js
lib
license
package.json
readme.md

/Users/dep/Desktop/backendcodeladder//node_modules/execa/lib:
command.js
error.js
kill.js
promise.js
stdio.js
stream.js

/Users/dep/Desktop/backendcodeladder//node_modules/exit:
Gruntfile.js
LICENSE-MIT
README.md
lib
package.json
test

/Users/dep/Desktop/backendcodeladder//node_modules/exit/lib:
exit.js

/Users/dep/Desktop/backendcodeladder//node_modules/exit/test:
exit_test.js
fixtures

/Users/dep/Desktop/backendcodeladder//node_modules/exit/test/fixtures:
10-stderr.txt
10-stdout-stderr.txt
10-stdout.txt
100-stderr.txt
100-stdout-stderr.txt
100-stdout.txt
1000-stderr.txt
1000-stdout-stderr.txt
1000-stdout.txt
create-files.sh
log-broken.js
log.js

/Users/dep/Desktop/backendcodeladder//node_modules/expect:
LICENSE
README.md
build
package.json

/Users/dep/Desktop/backendcodeladder//node_modules/expect/build:
asymmetricMatchers.js
extractExpectedAssertionsErrors.js
index.d.ts
index.js
jestMatchersObject.js
matchers.js
print.js
spyMatchers.js
toThrowMatchers.js
types.js

/Users/dep/Desktop/backendcodeladder//node_modules/express:
LICENSE
Readme.md
index.js
lib
package.json

/Users/dep/Desktop/backendcodeladder//node_modules/express/lib:
application.js
express.js
request.js
response.js
utils.js
view.js

/Users/dep/Desktop/backendcodeladder//node_modules/express-rate-limit:
dist
license
package.json
readme.md
tsconfig.json

/Users/dep/Desktop/backendcodeladder//node_modules/express-rate-limit/dist:
index.cjs
index.d.cts
index.d.mts
index.d.ts
index.mjs

/Users/dep/Desktop/backendcodeladder//node_modules/fast-json-stable-stringify:
LICENSE
README.md
benchmark
example
index.d.ts
index.js
package.json
test

/Users/dep/Desktop/backendcodeladder//node_modules/fast-json-stable-stringify/benchmark:
index.js
test.json

/Users/dep/Desktop/backendcodeladder//node_modules/fast-json-stable-stringify/example:
key_cmp.js
nested.js
str.js
value_cmp.js

/Users/dep/Desktop/backendcodeladder//node_modules/fast-json-stable-stringify/test:
cmp.js
nested.js
str.js
to-json.js

/Users/dep/Desktop/backendcodeladder//node_modules/fast-safe-stringify:
CHANGELOG.md
LICENSE
benchmark.js
index.d.ts
index.js
package.json
readme.md
test-stable.js
test.js

/Users/dep/Desktop/backendcodeladder//node_modules/fb-watchman:
README.md
index.js
package.json

/Users/dep/Desktop/backendcodeladder//node_modules/fill-range:
LICENSE
README.md
index.js
package.json

/Users/dep/Desktop/backendcodeladder//node_modules/finalhandler:
HISTORY.md
LICENSE
README.md
index.js
package.json

/Users/dep/Desktop/backendcodeladder//node_modules/find-up:
index.d.ts
index.js
license
package.json
readme.md

/Users/dep/Desktop/backendcodeladder//node_modules/form-data:
CHANGELOG.md
License
README.md
index.d.ts
lib
node_modules
package.json

/Users/dep/Desktop/backendcodeladder//node_modules/form-data/lib:
browser.js
form_data.js
populate.js

/Users/dep/Desktop/backendcodeladder//node_modules/form-data/node_modules:
mime-db
mime-types

/Users/dep/Desktop/backendcodeladder//node_modules/form-data/node_modules/mime-db:
HISTORY.md
LICENSE
README.md
db.json
index.js
package.json

/Users/dep/Desktop/backendcodeladder//node_modules/form-data/node_modules/mime-types:
HISTORY.md
LICENSE
README.md
index.js
package.json

/Users/dep/Desktop/backendcodeladder//node_modules/formidable:
LICENSE
README.md
README_pt_BR.md
dist
package.json
src

/Users/dep/Desktop/backendcodeladder//node_modules/formidable/dist:
helpers
index.cjs
parsers

/Users/dep/Desktop/backendcodeladder//node_modules/formidable/dist/helpers:
firstValues.cjs
readBooleans.cjs

/Users/dep/Desktop/backendcodeladder//node_modules/formidable/dist/parsers:
JSON.cjs
Multipart.cjs
OctetStream.cjs
Querystring.cjs
StreamingQuerystring.cjs

/Users/dep/Desktop/backendcodeladder//node_modules/formidable/src:
Formidable.js
FormidableError.js
PersistentFile.js
VolatileFile.js
helpers
index.js
parsers
plugins

/Users/dep/Desktop/backendcodeladder//node_modules/formidable/src/helpers:
firstValues.js
readBooleans.js

/Users/dep/Desktop/backendcodeladder//node_modules/formidable/src/parsers:
Dummy.js
JSON.js
Multipart.js
OctetStream.js
Querystring.js
StreamingQuerystring.js
index.js

/Users/dep/Desktop/backendcodeladder//node_modules/formidable/src/plugins:
index.js
json.js
multipart.js
octetstream.js
querystring.js

/Users/dep/Desktop/backendcodeladder//node_modules/forwarded:
HISTORY.md
LICENSE
README.md
index.js
package.json

/Users/dep/Desktop/backendcodeladder//node_modules/fresh:
HISTORY.md
LICENSE
README.md
index.js
package.json

/Users/dep/Desktop/backendcodeladder//node_modules/fs.realpath:
LICENSE
README.md
index.js
old.js
package.json

/Users/dep/Desktop/backendcodeladder//node_modules/fsevents:
LICENSE
README.md
fsevents.d.ts
fsevents.js
fsevents.node
package.json

/Users/dep/Desktop/backendcodeladder//node_modules/function-bind:
CHANGELOG.md
LICENSE
README.md
implementation.js
index.js
package.json
test

/Users/dep/Desktop/backendcodeladder//node_modules/function-bind/test:
index.js

/Users/dep/Desktop/backendcodeladder//node_modules/gensync:
LICENSE
README.md
index.js
index.js.flow
package.json
test

/Users/dep/Desktop/backendcodeladder//node_modules/gensync/test:
index.test.js

/Users/dep/Desktop/backendcodeladder//node_modules/get-caller-file:
LICENSE.md
README.md
index.d.ts
index.js
index.js.map
package.json

/Users/dep/Desktop/backendcodeladder//node_modules/get-intrinsic:
CHANGELOG.md
LICENSE
README.md
index.js
package.json
test

/Users/dep/Desktop/backendcodeladder//node_modules/get-intrinsic/test:
GetIntrinsic.js

/Users/dep/Desktop/backendcodeladder//node_modules/get-package-type:
CHANGELOG.md
LICENSE
README.md
async.cjs
cache.cjs
index.cjs
is-node-modules.cjs
package.json
sync.cjs

/Users/dep/Desktop/backendcodeladder//node_modules/get-proto:
CHANGELOG.md
LICENSE
Object.getPrototypeOf.d.ts
Object.getPrototypeOf.js
README.md
Reflect.getPrototypeOf.d.ts
Reflect.getPrototypeOf.js
index.d.ts
index.js
package.json
test
tsconfig.json

/Users/dep/Desktop/backendcodeladder//node_modules/get-proto/test:
index.js

/Users/dep/Desktop/backendcodeladder//node_modules/get-stream:
buffer-stream.js
index.d.ts
index.js
license
package.json
readme.md

/Users/dep/Desktop/backendcodeladder//node_modules/glob:
LICENSE
README.md
common.js
glob.js
node_modules
package.json
sync.js

/Users/dep/Desktop/backendcodeladder//node_modules/glob/node_modules:
balanced-match
brace-expansion
minimatch

/Users/dep/Desktop/backendcodeladder//node_modules/glob/node_modules/balanced-match:
LICENSE.md
README.md
index.js
package.json

/Users/dep/Desktop/backendcodeladder//node_modules/glob/node_modules/brace-expansion:
LICENSE
README.md
index.js
package.json

/Users/dep/Desktop/backendcodeladder//node_modules/glob/node_modules/minimatch:
LICENSE
README.md
minimatch.js
package.json

/Users/dep/Desktop/backendcodeladder//node_modules/glob-parent:
CHANGELOG.md
LICENSE
README.md
index.js
package.json

/Users/dep/Desktop/backendcodeladder//node_modules/gopd:
CHANGELOG.md
LICENSE
README.md
gOPD.d.ts
gOPD.js
index.d.ts
index.js
package.json
test
tsconfig.json

/Users/dep/Desktop/backendcodeladder//node_modules/gopd/test:
index.js

/Users/dep/Desktop/backendcodeladder//node_modules/graceful-fs:
LICENSE
README.md
clone.js
graceful-fs.js
legacy-streams.js
package.json
polyfills.js

/Users/dep/Desktop/backendcodeladder//node_modules/has-flag:
index.js
license
package.json
readme.md

/Users/dep/Desktop/backendcodeladder//node_modules/has-symbols:
CHANGELOG.md
LICENSE
README.md
index.d.ts
index.js
package.json
shams.d.ts
shams.js
test
tsconfig.json

/Users/dep/Desktop/backendcodeladder//node_modules/has-symbols/test:
index.js
shams
tests.js

/Users/dep/Desktop/backendcodeladder//node_modules/has-symbols/test/shams:
core-js.js
get-own-property-symbols.js

/Users/dep/Desktop/backendcodeladder//node_modules/has-tostringtag:
CHANGELOG.md
LICENSE
README.md
index.d.ts
index.js
package.json
shams.d.ts
shams.js
test
tsconfig.json

/Users/dep/Desktop/backendcodeladder//node_modules/has-tostringtag/test:
index.js
shams
tests.js

/Users/dep/Desktop/backendcodeladder//node_modules/has-tostringtag/test/shams:
core-js.js
get-own-property-symbols.js

/Users/dep/Desktop/backendcodeladder//node_modules/hasown:
CHANGELOG.md
LICENSE
README.md
eslint.config.mjs
index.d.ts
index.js
package.json
tsconfig.json

/Users/dep/Desktop/backendcodeladder//node_modules/html-escaper:
LICENSE.txt
README.md
cjs
esm
index.js
min.js
package.json
test

/Users/dep/Desktop/backendcodeladder//node_modules/html-escaper/cjs:
index.js
package.json

/Users/dep/Desktop/backendcodeladder//node_modules/html-escaper/esm:
index.js

/Users/dep/Desktop/backendcodeladder//node_modules/html-escaper/test:
index.js
package.json

/Users/dep/Desktop/backendcodeladder//node_modules/http-errors:
HISTORY.md
LICENSE
README.md
index.js
package.json

/Users/dep/Desktop/backendcodeladder//node_modules/human-signals:
CHANGELOG.md
LICENSE
README.md
build
package.json

/Users/dep/Desktop/backendcodeladder//node_modules/human-signals/build:
src

/Users/dep/Desktop/backendcodeladder//node_modules/human-signals/build/src:
core.js
core.js.map
main.d.ts
main.js
main.js.map
realtime.js
realtime.js.map
signals.js
signals.js.map

/Users/dep/Desktop/backendcodeladder//node_modules/iconv-lite:
LICENSE
README.md
encodings
lib
package.json
types

/Users/dep/Desktop/backendcodeladder//node_modules/iconv-lite/encodings:
dbcs-codec.js
dbcs-data.js
index.js
internal.js
sbcs-codec.js
sbcs-data-generated.js
sbcs-data.js
tables
utf16.js
utf32.js
utf7.js

/Users/dep/Desktop/backendcodeladder//node_modules/iconv-lite/encodings/tables:
big5-added.json
cp936.json
cp949.json
cp950.json
eucjp.json
gb18030-ranges.json
gbk-added.json
shiftjis.json

/Users/dep/Desktop/backendcodeladder//node_modules/iconv-lite/lib:
bom-handling.js
helpers
index.d.ts
index.js
streams.js

/Users/dep/Desktop/backendcodeladder//node_modules/iconv-lite/lib/helpers:
merge-exports.js

/Users/dep/Desktop/backendcodeladder//node_modules/iconv-lite/types:
encodings.d.ts

/Users/dep/Desktop/backendcodeladder//node_modules/ignore-by-default:
LICENSE
README.md
index.js
package.json

/Users/dep/Desktop/backendcodeladder//node_modules/import-local:
fixtures
index.d.ts
index.js
license
package.json
readme.md

/Users/dep/Desktop/backendcodeladder//node_modules/import-local/fixtures:
cli.js

/Users/dep/Desktop/backendcodeladder//node_modules/imurmurhash:
README.md
imurmurhash.js
imurmurhash.min.js
package.json

/Users/dep/Desktop/backendcodeladder//node_modules/inflight:
LICENSE
README.md
inflight.js
package.json

/Users/dep/Desktop/backendcodeladder//node_modules/inherits:
LICENSE
README.md
inherits.js
inherits_browser.js
package.json

/Users/dep/Desktop/backendcodeladder//node_modules/ip-address:
LICENSE
README.md
dist
package.json

/Users/dep/Desktop/backendcodeladder//node_modules/ip-address/dist:
address-error.d.ts
address-error.js
address-error.js.map
common.d.ts
common.js
common.js.map
ip-address.d.ts
ip-address.js
ip-address.js.map
ipv4.d.ts
ipv4.js
ipv4.js.map
ipv6.d.ts
ipv6.js
ipv6.js.map
v4
v6

/Users/dep/Desktop/backendcodeladder//node_modules/ip-address/dist/v4:
constants.d.ts
constants.js
constants.js.map

/Users/dep/Desktop/backendcodeladder//node_modules/ip-address/dist/v6:
constants.d.ts
constants.js
constants.js.map
helpers.d.ts
helpers.js
helpers.js.map
regular-expressions.d.ts
regular-expressions.js
regular-expressions.js.map

/Users/dep/Desktop/backendcodeladder//node_modules/ipaddr.js:
LICENSE
README.md
ipaddr.min.js
lib
package.json

/Users/dep/Desktop/backendcodeladder//node_modules/ipaddr.js/lib:
ipaddr.js
ipaddr.js.d.ts

/Users/dep/Desktop/backendcodeladder//node_modules/is-arrayish:
LICENSE
README.md
index.js
package.json

/Users/dep/Desktop/backendcodeladder//node_modules/is-binary-path:
index.d.ts
index.js
license
package.json
readme.md

/Users/dep/Desktop/backendcodeladder//node_modules/is-core-module:
CHANGELOG.md
LICENSE
README.md
core.json
index.js
package.json
test

/Users/dep/Desktop/backendcodeladder//node_modules/is-core-module/test:
index.js

/Users/dep/Desktop/backendcodeladder//node_modules/is-extglob:
LICENSE
README.md
index.js
package.json

/Users/dep/Desktop/backendcodeladder//node_modules/is-fullwidth-code-point:
index.d.ts
index.js
license
package.json
readme.md

/Users/dep/Desktop/backendcodeladder//node_modules/is-generator-fn:
index.d.ts
index.js
license
package.json
readme.md

/Users/dep/Desktop/backendcodeladder//node_modules/is-glob:
LICENSE
README.md
index.js
package.json

/Users/dep/Desktop/backendcodeladder//node_modules/is-number:
LICENSE
README.md
index.js
package.json

/Users/dep/Desktop/backendcodeladder//node_modules/is-promise:
LICENSE
index.d.ts
index.js
index.mjs
package.json
readme.md

/Users/dep/Desktop/backendcodeladder//node_modules/is-stream:
index.d.ts
index.js
license
package.json
readme.md

/Users/dep/Desktop/backendcodeladder//node_modules/isexe:
LICENSE
README.md
index.js
mode.js
package.json
test
windows.js

/Users/dep/Desktop/backendcodeladder//node_modules/isexe/test:
basic.js

/Users/dep/Desktop/backendcodeladder//node_modules/istanbul-lib-coverage:
CHANGELOG.md
LICENSE
README.md
index.js
lib
package.json

/Users/dep/Desktop/backendcodeladder//node_modules/istanbul-lib-coverage/lib:
coverage-map.js
coverage-summary.js
data-properties.js
file-coverage.js
percent.js

/Users/dep/Desktop/backendcodeladder//node_modules/istanbul-lib-instrument:
CHANGELOG.md
LICENSE
README.md
package.json
src

/Users/dep/Desktop/backendcodeladder//node_modules/istanbul-lib-instrument/src:
constants.js
index.js
instrumenter.js
read-coverage.js
source-coverage.js
visitor.js

/Users/dep/Desktop/backendcodeladder//node_modules/istanbul-lib-report:
CHANGELOG.md
LICENSE
README.md
index.js
lib
node_modules
package.json

/Users/dep/Desktop/backendcodeladder//node_modules/istanbul-lib-report/lib:
context.js
file-writer.js
path.js
report-base.js
summarizer-factory.js
tree.js
watermarks.js
xml-writer.js

/Users/dep/Desktop/backendcodeladder//node_modules/istanbul-lib-report/node_modules:
has-flag
supports-color

/Users/dep/Desktop/backendcodeladder//node_modules/istanbul-lib-report/node_modules/has-flag:
index.d.ts
index.js
license
package.json
readme.md

/Users/dep/Desktop/backendcodeladder//node_modules/istanbul-lib-report/node_modules/supports-color:
browser.js
index.js
license
package.json
readme.md

/Users/dep/Desktop/backendcodeladder//node_modules/istanbul-lib-source-maps:
CHANGELOG.md
LICENSE
README.md
index.js
lib
package.json

/Users/dep/Desktop/backendcodeladder//node_modules/istanbul-lib-source-maps/lib:
get-mapping.js
map-store.js
mapped.js
pathutils.js
transform-utils.js
transformer.js

/Users/dep/Desktop/backendcodeladder//node_modules/istanbul-reports:
CHANGELOG.md
LICENSE
README.md
index.js
lib
package.json

/Users/dep/Desktop/backendcodeladder//node_modules/istanbul-reports/lib:
clover
cobertura
html
html-spa
json
json-summary
lcov
lcovonly
none
teamcity
text
text-lcov
text-summary

/Users/dep/Desktop/backendcodeladder//node_modules/istanbul-reports/lib/clover:
index.js

/Users/dep/Desktop/backendcodeladder//node_modules/istanbul-reports/lib/cobertura:
index.js

/Users/dep/Desktop/backendcodeladder//node_modules/istanbul-reports/lib/html:
annotator.js
assets
index.js
insertion-text.js

/Users/dep/Desktop/backendcodeladder//node_modules/istanbul-reports/lib/html/assets:
base.css
block-navigation.js
favicon.png
sort-arrow-sprite.png
sorter.js
vendor

/Users/dep/Desktop/backendcodeladder//node_modules/istanbul-reports/lib/html/assets/vendor:
prettify.css
prettify.js

/Users/dep/Desktop/backendcodeladder//node_modules/istanbul-reports/lib/html-spa:
assets
index.js
src
webpack.config.js

/Users/dep/Desktop/backendcodeladder//node_modules/istanbul-reports/lib/html-spa/assets:
bundle.js
sort-arrow-sprite.png
spa.css

/Users/dep/Desktop/backendcodeladder//node_modules/istanbul-reports/lib/html-spa/src:
fileBreadcrumbs.js
filterToggle.js
flattenToggle.js
getChildData.js
index.js
routing.js
summaryHeader.js
summaryTableHeader.js
summaryTableLine.js

/Users/dep/Desktop/backendcodeladder//node_modules/istanbul-reports/lib/json:
index.js

/Users/dep/Desktop/backendcodeladder//node_modules/istanbul-reports/lib/json-summary:
index.js

/Users/dep/Desktop/backendcodeladder//node_modules/istanbul-reports/lib/lcov:
index.js

/Users/dep/Desktop/backendcodeladder//node_modules/istanbul-reports/lib/lcovonly:
index.js

/Users/dep/Desktop/backendcodeladder//node_modules/istanbul-reports/lib/none:
index.js

/Users/dep/Desktop/backendcodeladder//node_modules/istanbul-reports/lib/teamcity:
index.js

/Users/dep/Desktop/backendcodeladder//node_modules/istanbul-reports/lib/text:
index.js

/Users/dep/Desktop/backendcodeladder//node_modules/istanbul-reports/lib/text-lcov:
index.js

/Users/dep/Desktop/backendcodeladder//node_modules/istanbul-reports/lib/text-summary:
index.js

/Users/dep/Desktop/backendcodeladder//node_modules/jest:
LICENSE
README.md
bin
build
package.json

/Users/dep/Desktop/backendcodeladder//node_modules/jest/bin:
jest.js

/Users/dep/Desktop/backendcodeladder//node_modules/jest/build:
index.d.ts
index.js

/Users/dep/Desktop/backendcodeladder//node_modules/jest-changed-files:
LICENSE
README.md
build
package.json

/Users/dep/Desktop/backendcodeladder//node_modules/jest-changed-files/build:
git.js
hg.js
index.d.ts
index.js
sl.js
types.js

/Users/dep/Desktop/backendcodeladder//node_modules/jest-circus:
LICENSE
README.md
build
package.json
runner.js

/Users/dep/Desktop/backendcodeladder//node_modules/jest-circus/build:
eventHandler.js
formatNodeAssertErrors.js
globalErrorHandlers.js
index.d.ts
index.js
legacy-code-todo-rewrite
run.js
shuffleArray.js
state.js
testCaseReportHandler.js
types.js
utils.js

/Users/dep/Desktop/backendcodeladder//node_modules/jest-circus/build/legacy-code-todo-rewrite:
jestAdapter.js
jestAdapterInit.js

/Users/dep/Desktop/backendcodeladder//node_modules/jest-cli:
LICENSE
README.md
bin
build
package.json

/Users/dep/Desktop/backendcodeladder//node_modules/jest-cli/bin:
jest.js

/Users/dep/Desktop/backendcodeladder//node_modules/jest-cli/build:
args.js
index.d.ts
index.js
run.js

/Users/dep/Desktop/backendcodeladder//node_modules/jest-config:
LICENSE
build
package.json

/Users/dep/Desktop/backendcodeladder//node_modules/jest-config/build:
Defaults.js
Deprecated.js
Descriptions.js
ReporterValidationErrors.js
ValidConfig.js
color.js
constants.js
getCacheDirectory.js
getMaxWorkers.js
index.d.ts
index.js
normalize.js
parseShardPair.js
readConfigFileAndSetRootDir.js
resolveConfigPath.js
setFromArgv.js
stringToBytes.js
utils.js
validatePattern.js

/Users/dep/Desktop/backendcodeladder//node_modules/jest-diff:
LICENSE
README.md
build
package.json

/Users/dep/Desktop/backendcodeladder//node_modules/jest-diff/build:
cleanupSemantic.js
constants.js
diffLines.js
diffStrings.js
getAlignedDiffs.js
index.d.ts
index.js
joinAlignedDiffs.js
normalizeDiffOptions.js
printDiffs.js
types.js

/Users/dep/Desktop/backendcodeladder//node_modules/jest-docblock:
LICENSE
README.md
build
package.json

/Users/dep/Desktop/backendcodeladder//node_modules/jest-docblock/build:
index.d.ts
index.js

/Users/dep/Desktop/backendcodeladder//node_modules/jest-each:
LICENSE
README.md
build
package.json

/Users/dep/Desktop/backendcodeladder//node_modules/jest-each/build:
bind.js
index.d.ts
index.js
table
validation.js

/Users/dep/Desktop/backendcodeladder//node_modules/jest-each/build/table:
array.js
interpolation.js
template.js

/Users/dep/Desktop/backendcodeladder//node_modules/jest-environment-node:
LICENSE
build
package.json

/Users/dep/Desktop/backendcodeladder//node_modules/jest-environment-node/build:
index.d.ts
index.js

/Users/dep/Desktop/backendcodeladder//node_modules/jest-get-type:
LICENSE
build
package.json

/Users/dep/Desktop/backendcodeladder//node_modules/jest-get-type/build:
index.d.ts
index.js

/Users/dep/Desktop/backendcodeladder//node_modules/jest-haste-map:
LICENSE
build
package.json

/Users/dep/Desktop/backendcodeladder//node_modules/jest-haste-map/build:
HasteFS.js
ModuleMap.js
blacklist.js
constants.js
crawlers
getMockName.js
index.d.ts
index.js
lib
types.js
watchers
worker.js

/Users/dep/Desktop/backendcodeladder//node_modules/jest-haste-map/build/crawlers:
node.js
watchman.js

/Users/dep/Desktop/backendcodeladder//node_modules/jest-haste-map/build/lib:
dependencyExtractor.js
fast_path.js
getPlatformExtension.js
isWatchmanInstalled.js
normalizePathSep.js

/Users/dep/Desktop/backendcodeladder//node_modules/jest-haste-map/build/watchers:
FSEventsWatcher.js
NodeWatcher.js
RecrawlWarning.js
WatchmanWatcher.js
common.js

/Users/dep/Desktop/backendcodeladder//node_modules/jest-leak-detector:
LICENSE
README.md
build
package.json

/Users/dep/Desktop/backendcodeladder//node_modules/jest-leak-detector/build:
index.d.ts
index.js

/Users/dep/Desktop/backendcodeladder//node_modules/jest-matcher-utils:
LICENSE
README.md
build
package.json

/Users/dep/Desktop/backendcodeladder//node_modules/jest-matcher-utils/build:
Replaceable.js
deepCyclicCopyReplaceable.js
index.d.ts
index.js

/Users/dep/Desktop/backendcodeladder//node_modules/jest-message-util:
LICENSE
build
package.json

/Users/dep/Desktop/backendcodeladder//node_modules/jest-message-util/build:
index.d.ts
index.js
types.js

/Users/dep/Desktop/backendcodeladder//node_modules/jest-mock:
LICENSE
README.md
build
package.json

/Users/dep/Desktop/backendcodeladder//node_modules/jest-mock/build:
index.d.ts
index.js

/Users/dep/Desktop/backendcodeladder//node_modules/jest-pnp-resolver:
README.md
createRequire.js
getDefaultResolver.js
index.d.ts
index.js
package.json

/Users/dep/Desktop/backendcodeladder//node_modules/jest-regex-util:
LICENSE
build
package.json

/Users/dep/Desktop/backendcodeladder//node_modules/jest-regex-util/build:
index.d.ts
index.js

/Users/dep/Desktop/backendcodeladder//node_modules/jest-resolve:
LICENSE
build
package.json

/Users/dep/Desktop/backendcodeladder//node_modules/jest-resolve/build:
ModuleNotFoundError.js
defaultResolver.js
fileWalkers.js
index.d.ts
index.js
isBuiltinModule.js
nodeModulesPaths.js
resolver.js
shouldLoadAsEsm.js
types.js
utils.js

/Users/dep/Desktop/backendcodeladder//node_modules/jest-resolve-dependencies:
LICENSE
build
package.json

/Users/dep/Desktop/backendcodeladder//node_modules/jest-resolve-dependencies/build:
index.d.ts
index.js

/Users/dep/Desktop/backendcodeladder//node_modules/jest-runner:
LICENSE
build
package.json

/Users/dep/Desktop/backendcodeladder//node_modules/jest-runner/build:
index.d.ts
index.js
runTest.js
testWorker.js
types.js

/Users/dep/Desktop/backendcodeladder//node_modules/jest-runtime:
LICENSE
build
package.json

/Users/dep/Desktop/backendcodeladder//node_modules/jest-runtime/build:
helpers.js
index.d.ts
index.js

/Users/dep/Desktop/backendcodeladder//node_modules/jest-snapshot:
LICENSE
build
package.json

/Users/dep/Desktop/backendcodeladder//node_modules/jest-snapshot/build:
InlineSnapshots.js
SnapshotResolver.js
State.js
colors.js
dedentLines.js
index.d.ts
index.js
mockSerializer.js
plugins.js
printSnapshot.js
types.js
utils.js

/Users/dep/Desktop/backendcodeladder//node_modules/jest-util:
LICENSE
Readme.md
build
package.json

/Users/dep/Desktop/backendcodeladder//node_modules/jest-util/build:
ErrorWithStack.js
clearLine.js
convertDescriptorToString.js
createDirectory.js
createProcessObject.js
deepCyclicCopy.js
formatTime.js
globsToMatcher.js
index.d.ts
index.js
installCommonGlobals.js
interopRequireDefault.js
invariant.js
isInteractive.js
isNonNullable.js
isPromise.js
pluralize.js
preRunMessage.js
replacePathSepForGlob.js
requireOrImportModule.js
setGlobal.js
specialChars.js
testPathPatternToRegExp.js
tryRealpath.js

/Users/dep/Desktop/backendcodeladder//node_modules/jest-validate:
LICENSE
README.md
build
node_modules
package.json

/Users/dep/Desktop/backendcodeladder//node_modules/jest-validate/build:
condition.js
defaultConfig.js
deprecated.js
errors.js
exampleConfig.js
index.d.ts
index.js
types.js
utils.js
validate.js
validateCLIOptions.js
warnings.js

/Users/dep/Desktop/backendcodeladder//node_modules/jest-validate/node_modules:
camelcase

/Users/dep/Desktop/backendcodeladder//node_modules/jest-validate/node_modules/camelcase:
index.d.ts
index.js
license
package.json
readme.md

/Users/dep/Desktop/backendcodeladder//node_modules/jest-watcher:
LICENSE
build
package.json

/Users/dep/Desktop/backendcodeladder//node_modules/jest-watcher/build:
BaseWatchPlugin.js
JestHooks.js
PatternPrompt.js
TestWatcher.js
constants.js
index.d.ts
index.js
lib
types.js

/Users/dep/Desktop/backendcodeladder//node_modules/jest-watcher/build/lib:
Prompt.js
colorize.js
formatTestNameByPattern.js
patternModeHelpers.js
scroll.js

/Users/dep/Desktop/backendcodeladder//node_modules/jest-worker:
LICENSE
README.md
build
node_modules
package.json

/Users/dep/Desktop/backendcodeladder//node_modules/jest-worker/build:
Farm.js
FifoQueue.js
PriorityQueue.js
WorkerPool.js
base
index.d.ts
index.js
types.js
workers

/Users/dep/Desktop/backendcodeladder//node_modules/jest-worker/build/base:
BaseWorkerPool.js

/Users/dep/Desktop/backendcodeladder//node_modules/jest-worker/build/workers:
ChildProcessWorker.js
NodeThreadsWorker.js
WorkerAbstract.js
messageParent.js
processChild.js
threadChild.js

/Users/dep/Desktop/backendcodeladder//node_modules/jest-worker/node_modules:
has-flag
supports-color

/Users/dep/Desktop/backendcodeladder//node_modules/jest-worker/node_modules/has-flag:
index.d.ts
index.js
license
package.json
readme.md

/Users/dep/Desktop/backendcodeladder//node_modules/jest-worker/node_modules/supports-color:
browser.js
index.js
license
package.json
readme.md

/Users/dep/Desktop/backendcodeladder//node_modules/js-tokens:
CHANGELOG.md
LICENSE
README.md
index.js
package.json

/Users/dep/Desktop/backendcodeladder//node_modules/js-yaml:
LICENSE
README.md
bin
dist
index.js
lib
package.json

/Users/dep/Desktop/backendcodeladder//node_modules/js-yaml/bin:
js-yaml.js

/Users/dep/Desktop/backendcodeladder//node_modules/js-yaml/dist:
js-yaml.js
js-yaml.min.js

/Users/dep/Desktop/backendcodeladder//node_modules/js-yaml/lib:
js-yaml
js-yaml.js

/Users/dep/Desktop/backendcodeladder//node_modules/js-yaml/lib/js-yaml:
common.js
dumper.js
exception.js
loader.js
mark.js
schema
schema.js
type
type.js

/Users/dep/Desktop/backendcodeladder//node_modules/js-yaml/lib/js-yaml/schema:
core.js
default_full.js
default_safe.js
failsafe.js
json.js

/Users/dep/Desktop/backendcodeladder//node_modules/js-yaml/lib/js-yaml/type:
binary.js
bool.js
float.js
int.js
js
map.js
merge.js
null.js
omap.js
pairs.js
seq.js
set.js
str.js
timestamp.js

/Users/dep/Desktop/backendcodeladder//node_modules/js-yaml/lib/js-yaml/type/js:
function.js
regexp.js
undefined.js

/Users/dep/Desktop/backendcodeladder//node_modules/jsesc:
LICENSE-MIT.txt
README.md
bin
jsesc.js
man
package.json

/Users/dep/Desktop/backendcodeladder//node_modules/jsesc/bin:
jsesc

/Users/dep/Desktop/backendcodeladder//node_modules/jsesc/man:
jsesc.1

/Users/dep/Desktop/backendcodeladder//node_modules/json-parse-even-better-errors:
CHANGELOG.md
LICENSE.md
README.md
index.js
package.json

/Users/dep/Desktop/backendcodeladder//node_modules/json5:
LICENSE.md
README.md
dist
lib
package.json

/Users/dep/Desktop/backendcodeladder//node_modules/json5/dist:
index.js
index.min.js
index.min.mjs
index.mjs

/Users/dep/Desktop/backendcodeladder//node_modules/json5/lib:
cli.js
index.d.ts
index.js
parse.d.ts
parse.js
register.js
require.js
stringify.d.ts
stringify.js
unicode.d.ts
unicode.js
util.d.ts
util.js

/Users/dep/Desktop/backendcodeladder//node_modules/jsonwebtoken:
LICENSE
README.md
decode.js
index.js
lib
package.json
sign.js
verify.js

/Users/dep/Desktop/backendcodeladder//node_modules/jsonwebtoken/lib:
JsonWebTokenError.js
NotBeforeError.js
TokenExpiredError.js
asymmetricKeyDetailsSupported.js
psSupported.js
rsaPssKeyDetailsSupported.js
timespan.js
validateAsymmetricKey.js

/Users/dep/Desktop/backendcodeladder//node_modules/jwa:
LICENSE
README.md
index.js
opslevel.yml
package.json

/Users/dep/Desktop/backendcodeladder//node_modules/jws:
CHANGELOG.md
LICENSE
index.js
lib
opslevel.yml
package.json
readme.md

/Users/dep/Desktop/backendcodeladder//node_modules/jws/lib:
data-stream.js
sign-stream.js
tostring.js
verify-stream.js

/Users/dep/Desktop/backendcodeladder//node_modules/kareem:
CHANGELOG.md
LICENSE
README.md
SECURITY.md
index.d.ts
index.js
package.json

/Users/dep/Desktop/backendcodeladder//node_modules/kleur:
index.js
kleur.d.ts
license
package.json
readme.md

/Users/dep/Desktop/backendcodeladder//node_modules/leven:
index.d.ts
index.js
license
package.json
readme.md

/Users/dep/Desktop/backendcodeladder//node_modules/lines-and-columns:
LICENSE
README.md
build
package.json

/Users/dep/Desktop/backendcodeladder//node_modules/lines-and-columns/build:
index.d.ts
index.js

/Users/dep/Desktop/backendcodeladder//node_modules/locate-path:
index.d.ts
index.js
license
package.json
readme.md

/Users/dep/Desktop/backendcodeladder//node_modules/lodash.includes:
LICENSE
README.md
index.js
package.json

/Users/dep/Desktop/backendcodeladder//node_modules/lodash.isboolean:
LICENSE
README.md
index.js
package.json

/Users/dep/Desktop/backendcodeladder//node_modules/lodash.isinteger:
LICENSE
README.md
index.js
package.json

/Users/dep/Desktop/backendcodeladder//node_modules/lodash.isnumber:
LICENSE
README.md
index.js
package.json

/Users/dep/Desktop/backendcodeladder//node_modules/lodash.isplainobject:
LICENSE
README.md
index.js
package.json

/Users/dep/Desktop/backendcodeladder//node_modules/lodash.isstring:
LICENSE
README.md
index.js
package.json

/Users/dep/Desktop/backendcodeladder//node_modules/lodash.once:
LICENSE
README.md
index.js
package.json

/Users/dep/Desktop/backendcodeladder//node_modules/lru-cache:
LICENSE
README.md
index.js
package.json

/Users/dep/Desktop/backendcodeladder//node_modules/make-dir:
index.d.ts
index.js
license
package.json
readme.md

/Users/dep/Desktop/backendcodeladder//node_modules/makeerror:
lib
license
package.json
readme.md

/Users/dep/Desktop/backendcodeladder//node_modules/makeerror/lib:
makeerror.js

/Users/dep/Desktop/backendcodeladder//node_modules/math-intrinsics:
CHANGELOG.md
LICENSE
README.md
abs.d.ts
abs.js
constants
floor.d.ts
floor.js
isFinite.d.ts
isFinite.js
isInteger.d.ts
isInteger.js
isNaN.d.ts
isNaN.js
isNegativeZero.d.ts
isNegativeZero.js
max.d.ts
max.js
min.d.ts
min.js
mod.d.ts
mod.js
package.json
pow.d.ts
pow.js
round.d.ts
round.js
sign.d.ts
sign.js
test
tsconfig.json

/Users/dep/Desktop/backendcodeladder//node_modules/math-intrinsics/constants:
maxArrayLength.d.ts
maxArrayLength.js
maxSafeInteger.d.ts
maxSafeInteger.js
maxValue.d.ts
maxValue.js

/Users/dep/Desktop/backendcodeladder//node_modules/math-intrinsics/test:
index.js

/Users/dep/Desktop/backendcodeladder//node_modules/media-typer:
HISTORY.md
LICENSE
README.md
index.js
package.json

/Users/dep/Desktop/backendcodeladder//node_modules/memory-pager:
LICENSE
README.md
index.js
package.json
test.js

/Users/dep/Desktop/backendcodeladder//node_modules/merge-descriptors:
index.d.ts
index.js
license
package.json
readme.md

/Users/dep/Desktop/backendcodeladder//node_modules/merge-stream:
LICENSE
README.md
index.js
package.json

/Users/dep/Desktop/backendcodeladder//node_modules/methods:
HISTORY.md
LICENSE
README.md
index.js
package.json

/Users/dep/Desktop/backendcodeladder//node_modules/micromatch:
LICENSE
README.md
index.js
package.json

/Users/dep/Desktop/backendcodeladder//node_modules/mime:
CHANGELOG.md
LICENSE
Mime.js
README.md
cli.js
index.js
lite.js
package.json
types

/Users/dep/Desktop/backendcodeladder//node_modules/mime/types:
other.js
standard.js

/Users/dep/Desktop/backendcodeladder//node_modules/mime-db:
HISTORY.md
LICENSE
README.md
db.json
index.js
package.json

/Users/dep/Desktop/backendcodeladder//node_modules/mime-types:
HISTORY.md
LICENSE
README.md
index.js
mimeScore.js
package.json

/Users/dep/Desktop/backendcodeladder//node_modules/mimic-fn:
index.d.ts
index.js
license
package.json
readme.md

/Users/dep/Desktop/backendcodeladder//node_modules/minimatch:
LICENSE.md
README.md
dist
package.json

/Users/dep/Desktop/backendcodeladder//node_modules/minimatch/dist:
commonjs
esm

/Users/dep/Desktop/backendcodeladder//node_modules/minimatch/dist/commonjs:
assert-valid-pattern.d.ts
assert-valid-pattern.d.ts.map
assert-valid-pattern.js
assert-valid-pattern.js.map
ast.d.ts
ast.d.ts.map
ast.js
ast.js.map
brace-expressions.d.ts
brace-expressions.d.ts.map
brace-expressions.js
brace-expressions.js.map
escape.d.ts
escape.d.ts.map
escape.js
escape.js.map
index.d.ts
index.d.ts.map
index.js
index.js.map
package.json
unescape.d.ts
unescape.d.ts.map
unescape.js
unescape.js.map

/Users/dep/Desktop/backendcodeladder//node_modules/minimatch/dist/esm:
assert-valid-pattern.d.ts
assert-valid-pattern.d.ts.map
assert-valid-pattern.js
assert-valid-pattern.js.map
ast.d.ts
ast.d.ts.map
ast.js
ast.js.map
brace-expressions.d.ts
brace-expressions.d.ts.map
brace-expressions.js
brace-expressions.js.map
escape.d.ts
escape.d.ts.map
escape.js
escape.js.map
index.d.ts
index.d.ts.map
index.js
index.js.map
package.json
unescape.d.ts
unescape.d.ts.map
unescape.js
unescape.js.map

/Users/dep/Desktop/backendcodeladder//node_modules/mongodb:
LICENSE.md
README.md
etc
lib
mongodb.d.ts
package.json
src
tsconfig.json

/Users/dep/Desktop/backendcodeladder//node_modules/mongodb/etc:
prepare.js

/Users/dep/Desktop/backendcodeladder//node_modules/mongodb/lib:
admin.js
admin.js.map
bson.js
bson.js.map
bulk
change_stream.js
change_stream.js.map
client-side-encryption
cmap
collection.js
collection.js.map
connection_string.js
connection_string.js.map
constants.js
constants.js.map
cursor
db.js
db.js.map
deps.js
deps.js.map
encrypter.js
encrypter.js.map
error.js
error.js.map
explain.js
explain.js.map
gridfs
index.js
index.js.map
mongo_client.js
mongo_client.js.map
mongo_client_auth_providers.js
mongo_client_auth_providers.js.map
mongo_logger.js
mongo_logger.js.map
mongo_types.js
mongo_types.js.map
operations
read_concern.js
read_concern.js.map
read_preference.js
read_preference.js.map
runtime_adapters.js
runtime_adapters.js.map
sdam
sessions.js
sessions.js.map
sort.js
sort.js.map
timeout.js
timeout.js.map
transactions.js
transactions.js.map
utils.js
utils.js.map
write_concern.js
write_concern.js.map

/Users/dep/Desktop/backendcodeladder//node_modules/mongodb/lib/bulk:
common.js
common.js.map
ordered.js
ordered.js.map
unordered.js
unordered.js.map

/Users/dep/Desktop/backendcodeladder//node_modules/mongodb/lib/client-side-encryption:
auto_encrypter.js
auto_encrypter.js.map
client_encryption.js
client_encryption.js.map
errors.js
errors.js.map
mongocryptd_manager.js
mongocryptd_manager.js.map
providers
state_machine.js
state_machine.js.map

/Users/dep/Desktop/backendcodeladder//node_modules/mongodb/lib/client-side-encryption/providers:
aws.js
aws.js.map
azure.js
azure.js.map
gcp.js
gcp.js.map
index.js
index.js.map

/Users/dep/Desktop/backendcodeladder//node_modules/mongodb/lib/cmap:
auth
command_monitoring_events.js
command_monitoring_events.js.map
commands.js
commands.js.map
connect.js
connect.js.map
connection.js
connection.js.map
connection_pool.js
connection_pool.js.map
connection_pool_events.js
connection_pool_events.js.map
errors.js
errors.js.map
handshake
metrics.js
metrics.js.map
stream_description.js
stream_description.js.map
wire_protocol

/Users/dep/Desktop/backendcodeladder//node_modules/mongodb/lib/cmap/auth:
auth_provider.js
auth_provider.js.map
aws4.js
aws4.js.map
aws_temporary_credentials.js
aws_temporary_credentials.js.map
gssapi.js
gssapi.js.map
mongo_credentials.js
mongo_credentials.js.map
mongodb_aws.js
mongodb_aws.js.map
mongodb_oidc
mongodb_oidc.js
mongodb_oidc.js.map
plain.js
plain.js.map
providers.js
providers.js.map
scram.js
scram.js.map
x509.js
x509.js.map

/Users/dep/Desktop/backendcodeladder//node_modules/mongodb/lib/cmap/auth/mongodb_oidc:
automated_callback_workflow.js
automated_callback_workflow.js.map
azure_machine_workflow.js
azure_machine_workflow.js.map
callback_workflow.js
callback_workflow.js.map
command_builders.js
command_builders.js.map
gcp_machine_workflow.js
gcp_machine_workflow.js.map
human_callback_workflow.js
human_callback_workflow.js.map
k8s_machine_workflow.js
k8s_machine_workflow.js.map
token_cache.js
token_cache.js.map
token_machine_workflow.js
token_machine_workflow.js.map

/Users/dep/Desktop/backendcodeladder//node_modules/mongodb/lib/cmap/handshake:
client_metadata.js
client_metadata.js.map

/Users/dep/Desktop/backendcodeladder//node_modules/mongodb/lib/cmap/wire_protocol:
compression.js
compression.js.map
constants.js
constants.js.map
on_data.js
on_data.js.map
on_demand
responses.js
responses.js.map
shared.js
shared.js.map

/Users/dep/Desktop/backendcodeladder//node_modules/mongodb/lib/cmap/wire_protocol/on_demand:
document.js
document.js.map

/Users/dep/Desktop/backendcodeladder//node_modules/mongodb/lib/cursor:
abstract_cursor.js
abstract_cursor.js.map
aggregation_cursor.js
aggregation_cursor.js.map
change_stream_cursor.js
change_stream_cursor.js.map
client_bulk_write_cursor.js
client_bulk_write_cursor.js.map
explainable_cursor.js
explainable_cursor.js.map
find_cursor.js
find_cursor.js.map
list_collections_cursor.js
list_collections_cursor.js.map
list_indexes_cursor.js
list_indexes_cursor.js.map
list_search_indexes_cursor.js
list_search_indexes_cursor.js.map
run_command_cursor.js
run_command_cursor.js.map

/Users/dep/Desktop/backendcodeladder//node_modules/mongodb/lib/gridfs:
download.js
download.js.map
index.js
index.js.map
upload.js
upload.js.map

/Users/dep/Desktop/backendcodeladder//node_modules/mongodb/lib/operations:
aggregate.js
aggregate.js.map
client_bulk_write
command.js
command.js.map
count.js
count.js.map
create_collection.js
create_collection.js.map
delete.js
delete.js.map
distinct.js
distinct.js.map
drop.js
drop.js.map
end_sessions.js
end_sessions.js.map
estimated_document_count.js
estimated_document_count.js.map
execute_operation.js
execute_operation.js.map
find.js
find.js.map
find_and_modify.js
find_and_modify.js.map
get_more.js
get_more.js.map
indexes.js
indexes.js.map
insert.js
insert.js.map
kill_cursors.js
kill_cursors.js.map
list_collections.js
list_collections.js.map
list_databases.js
list_databases.js.map
operation.js
operation.js.map
profiling_level.js
profiling_level.js.map
remove_user.js
remove_user.js.map
rename.js
rename.js.map
run_command.js
run_command.js.map
search_indexes
set_profiling_level.js
set_profiling_level.js.map
stats.js
stats.js.map
update.js
update.js.map
validate_collection.js
validate_collection.js.map

/Users/dep/Desktop/backendcodeladder//node_modules/mongodb/lib/operations/client_bulk_write:
client_bulk_write.js
client_bulk_write.js.map
command_builder.js
command_builder.js.map
common.js
common.js.map
executor.js
executor.js.map
results_merger.js
results_merger.js.map

/Users/dep/Desktop/backendcodeladder//node_modules/mongodb/lib/operations/search_indexes:
create.js
create.js.map
drop.js
drop.js.map
update.js
update.js.map

/Users/dep/Desktop/backendcodeladder//node_modules/mongodb/lib/sdam:
common.js
common.js.map
events.js
events.js.map
monitor.js
monitor.js.map
server.js
server.js.map
server_description.js
server_description.js.map
server_selection.js
server_selection.js.map
server_selection_events.js
server_selection_events.js.map
srv_polling.js
srv_polling.js.map
topology.js
topology.js.map
topology_description.js
topology_description.js.map

/Users/dep/Desktop/backendcodeladder//node_modules/mongodb/src:
admin.ts
bson.ts
bulk
change_stream.ts
client-side-encryption
cmap
collection.ts
connection_string.ts
constants.ts
cursor
db.ts
deps.ts
encrypter.ts
error.ts
explain.ts
gridfs
index.ts
mongo_client.ts
mongo_client_auth_providers.ts
mongo_logger.ts
mongo_types.ts
operations
read_concern.ts
read_preference.ts
runtime_adapters.ts
sdam
sessions.ts
sort.ts
timeout.ts
transactions.ts
utils.ts
write_concern.ts

/Users/dep/Desktop/backendcodeladder//node_modules/mongodb/src/bulk:
common.ts
ordered.ts
unordered.ts

/Users/dep/Desktop/backendcodeladder//node_modules/mongodb/src/client-side-encryption:
auto_encrypter.ts
client_encryption.ts
errors.ts
mongocryptd_manager.ts
providers
state_machine.ts

/Users/dep/Desktop/backendcodeladder//node_modules/mongodb/src/client-side-encryption/providers:
aws.ts
azure.ts
gcp.ts
index.ts

/Users/dep/Desktop/backendcodeladder//node_modules/mongodb/src/cmap:
auth
command_monitoring_events.ts
commands.ts
connect.ts
connection.ts
connection_pool.ts
connection_pool_events.ts
errors.ts
handshake
metrics.ts
stream_description.ts
wire_protocol

/Users/dep/Desktop/backendcodeladder//node_modules/mongodb/src/cmap/auth:
auth_provider.ts
aws4.ts
aws_temporary_credentials.ts
gssapi.ts
mongo_credentials.ts
mongodb_aws.ts
mongodb_oidc
mongodb_oidc.ts
plain.ts
providers.ts
scram.ts
x509.ts

/Users/dep/Desktop/backendcodeladder//node_modules/mongodb/src/cmap/auth/mongodb_oidc:
automated_callback_workflow.ts
azure_machine_workflow.ts
callback_workflow.ts
command_builders.ts
gcp_machine_workflow.ts
human_callback_workflow.ts
k8s_machine_workflow.ts
token_cache.ts
token_machine_workflow.ts

/Users/dep/Desktop/backendcodeladder//node_modules/mongodb/src/cmap/handshake:
client_metadata.ts

/Users/dep/Desktop/backendcodeladder//node_modules/mongodb/src/cmap/wire_protocol:
compression.ts
constants.ts
on_data.ts
on_demand
responses.ts
shared.ts

/Users/dep/Desktop/backendcodeladder//node_modules/mongodb/src/cmap/wire_protocol/on_demand:
document.ts

/Users/dep/Desktop/backendcodeladder//node_modules/mongodb/src/cursor:
abstract_cursor.ts
aggregation_cursor.ts
change_stream_cursor.ts
client_bulk_write_cursor.ts
explainable_cursor.ts
find_cursor.ts
list_collections_cursor.ts
list_indexes_cursor.ts
list_search_indexes_cursor.ts
run_command_cursor.ts

/Users/dep/Desktop/backendcodeladder//node_modules/mongodb/src/gridfs:
download.ts
index.ts
upload.ts

/Users/dep/Desktop/backendcodeladder//node_modules/mongodb/src/operations:
aggregate.ts
client_bulk_write
command.ts
count.ts
create_collection.ts
delete.ts
distinct.ts
drop.ts
end_sessions.ts
estimated_document_count.ts
execute_operation.ts
find.ts
find_and_modify.ts
get_more.ts
indexes.ts
insert.ts
kill_cursors.ts
list_collections.ts
list_databases.ts
operation.ts
profiling_level.ts
remove_user.ts
rename.ts
run_command.ts
search_indexes
set_profiling_level.ts
stats.ts
update.ts
validate_collection.ts

/Users/dep/Desktop/backendcodeladder//node_modules/mongodb/src/operations/client_bulk_write:
client_bulk_write.ts
command_builder.ts
common.ts
executor.ts
results_merger.ts

/Users/dep/Desktop/backendcodeladder//node_modules/mongodb/src/operations/search_indexes:
create.ts
drop.ts
update.ts

/Users/dep/Desktop/backendcodeladder//node_modules/mongodb/src/sdam:
common.ts
events.ts
monitor.ts
server.ts
server_description.ts
server_selection.ts
server_selection_events.ts
srv_polling.ts
topology.ts
topology_description.ts

/Users/dep/Desktop/backendcodeladder//node_modules/mongodb-connection-string-url:
LICENSE
README.md
lib
package.json

/Users/dep/Desktop/backendcodeladder//node_modules/mongodb-connection-string-url/lib:
index.d.ts
index.js
index.js.map
redact.d.ts
redact.js
redact.js.map

/Users/dep/Desktop/backendcodeladder//node_modules/mongoose:
LICENSE.md
README.md
SECURITY.md
eslint.config.mjs
index.js
lib
package.json
tstyche.json
types

/Users/dep/Desktop/backendcodeladder//node_modules/mongoose/lib:
aggregate.js
cast
cast.js
collection.js
connection.js
connectionState.js
constants.js
cursor
document.js
driver.js
drivers
error
helpers
index.js
internal.js
model.js
modifiedPathsSnapshot.js
mongoose.js
options
options.js
plugins
query.js
queryHelpers.js
schema
schema.js
schemaType.js
standardSchema
stateMachine.js
tracing.js
types
utils.js
validOptions.js
virtualType.js

/Users/dep/Desktop/backendcodeladder//node_modules/mongoose/lib/cast:
bigint.js
boolean.js
date.js
decimal128.js
double.js
int32.js
number.js
objectid.js
string.js
uuid.js

/Users/dep/Desktop/backendcodeladder//node_modules/mongoose/lib/cursor:
aggregationCursor.js
changeStream.js
queryCursor.js

/Users/dep/Desktop/backendcodeladder//node_modules/mongoose/lib/drivers:
SPEC.md
node-mongodb-native

/Users/dep/Desktop/backendcodeladder//node_modules/mongoose/lib/drivers/node-mongodb-native:
bulkWriteResult.js
collection.js
connection.js
index.js

/Users/dep/Desktop/backendcodeladder//node_modules/mongoose/lib/error:
browserMissingSchema.js
bulkSaveIncompleteError.js
bulkWriteError.js
cast.js
createCollectionsError.js
divergentArray.js
eachAsyncMultiError.js
index.js
invalidSchemaOption.js
messages.js
missingSchema.js
mongooseError.js
notFound.js
objectExpected.js
objectParameter.js
overwriteModel.js
parallelSave.js
parallelValidate.js
serverSelection.js
setOptionError.js
strict.js
strictPopulate.js
syncIndexes.js
validation.js
validator.js
version.js

/Users/dep/Desktop/backendcodeladder//node_modules/mongoose/lib/helpers:
aggregate
arrayDepth.js
buildMiddlewareFilter.js
clone.js
common.js
cursor
discriminator
document
each.js
error
firstKey.js
get.js
getConstructorName.js
getDefaultBulkwriteResult.js
getFunctionName.js
immediate.js
indexes
isAsyncFunction.js
isBsonType.js
isMongooseObject.js
isObject.js
isPOJO.js
isPromise.js
isSimpleValidator.js
minimize.js
model
omitUndefined.js
once.js
parallelLimit.js
path
pathTrie.js
pluralize.js
populate
printJestWarning.js
processConnectionOptions.js
projection
query
schema
schematype
setDefaultsOnInsert.js
specialProperties.js
symbols.js
timers.js
timestamps
topology
update
updateValidators.js

/Users/dep/Desktop/backendcodeladder//node_modules/mongoose/lib/helpers/aggregate:
prepareDiscriminatorPipeline.js
stringifyFunctionOperators.js

/Users/dep/Desktop/backendcodeladder//node_modules/mongoose/lib/helpers/cursor:
eachAsync.js

/Users/dep/Desktop/backendcodeladder//node_modules/mongoose/lib/helpers/discriminator:
applyEmbeddedDiscriminators.js
areDiscriminatorValuesEqual.js
checkEmbeddedDiscriminatorKeyProjection.js
getConstructor.js
getDiscriminatorByValue.js
getSchemaDiscriminatorByValue.js
mergeDiscriminatorSchema.js

/Users/dep/Desktop/backendcodeladder//node_modules/mongoose/lib/helpers/document:
applyDefaults.js
applyTimestamps.js
applyVirtuals.js
cleanModifiedSubpaths.js
compile.js
getDeepestSubdocumentForPath.js
getEmbeddedDiscriminatorPath.js
handleSpreadDoc.js
isInPathsToSave.js

/Users/dep/Desktop/backendcodeladder//node_modules/mongoose/lib/helpers/error:
combinePathErrors.js

/Users/dep/Desktop/backendcodeladder//node_modules/mongoose/lib/helpers/indexes:
applySchemaCollation.js
decorateDiscriminatorIndexOptions.js
getRelatedIndexes.js
isDefaultIdIndex.js
isIndexEqual.js
isIndexSpecEqual.js
isTextIndex.js
isTimeseriesIndex.js

/Users/dep/Desktop/backendcodeladder//node_modules/mongoose/lib/helpers/model:
applyDefaultsToPOJO.js
applyHooks.js
applyMethods.js
applyStaticHooks.js
applyStatics.js
castBulkWrite.js
decorateBulkWriteResult.js
discriminator.js
pushNestedArrayPaths.js

/Users/dep/Desktop/backendcodeladder//node_modules/mongoose/lib/helpers/path:
parentPaths.js
setDottedPath.js

/Users/dep/Desktop/backendcodeladder//node_modules/mongoose/lib/helpers/populate:
assignRawDocsToIdStructure.js
assignVals.js
createPopulateQueryFilter.js
getModelsMapForPopulate.js
getSchemaTypes.js
getVirtual.js
leanPopulateMap.js
lookupLocalFields.js
markArraySubdocsPopulated.js
modelNamesFromRefPath.js
removeDeselectedForeignField.js
setPopulatedVirtualValue.js
skipPopulateValue.js
splitPopulateQuery.js
validateRef.js

/Users/dep/Desktop/backendcodeladder//node_modules/mongoose/lib/helpers/projection:
applyProjection.js
hasIncludedChildren.js
isDefiningProjection.js
isExclusive.js
isInclusive.js
isNestedProjection.js
isPathExcluded.js
isPathSelectedInclusive.js
isSubpath.js
parseProjection.js

/Users/dep/Desktop/backendcodeladder//node_modules/mongoose/lib/helpers/query:
applyGlobalOption.js
cast$expr.js
castFilterPath.js
castUpdate.js
getEmbeddedDiscriminatorPath.js
handleImmutable.js
handleReadPreferenceAliases.js
hasDollarKeys.js
isOperator.js
sanitizeFilter.js
sanitizeProjection.js
selectPopulatedFields.js
trusted.js
validOps.js

/Users/dep/Desktop/backendcodeladder//node_modules/mongoose/lib/helpers/schema:
addAutoId.js
applyBuiltinPlugins.js
applyPlugins.js
applyReadConcern.js
applyWriteConcern.js
cleanPositionalOperators.js
getIndexes.js
getKeysInSchemaOrder.js
getPath.js
getSubdocumentStrictValue.js
handleIdOption.js
handleTimestampOption.js
idGetter.js
merge.js

/Users/dep/Desktop/backendcodeladder//node_modules/mongoose/lib/helpers/schematype:
handleImmutable.js

/Users/dep/Desktop/backendcodeladder//node_modules/mongoose/lib/helpers/timestamps:
setDocumentTimestamps.js
setupTimestamps.js

/Users/dep/Desktop/backendcodeladder//node_modules/mongoose/lib/helpers/topology:
allServersUnknown.js
isAtlas.js
isSSLError.js

/Users/dep/Desktop/backendcodeladder//node_modules/mongoose/lib/helpers/update:
applyTimestampsToChildren.js
applyTimestampsToUpdate.js
castArrayFilters.js
decorateUpdateWithVersionKey.js
modifiedPaths.js
moveImmutableProperties.js
removeUnusedArrayFilters.js
updatedPathsByArrayFilter.js

/Users/dep/Desktop/backendcodeladder//node_modules/mongoose/lib/options:
populateOptions.js
propertyOptions.js
saveOptions.js
schemaArrayOptions.js
schemaBufferOptions.js
schemaDateOptions.js
schemaDocumentArrayOptions.js
schemaMapOptions.js
schemaNumberOptions.js
schemaObjectIdOptions.js
schemaStringOptions.js
schemaSubdocumentOptions.js
schemaTypeOptions.js
schemaUnionOptions.js
virtualOptions.js

/Users/dep/Desktop/backendcodeladder//node_modules/mongoose/lib/plugins:
index.js
saveSubdocs.js
sharding.js
trackTransaction.js

/Users/dep/Desktop/backendcodeladder//node_modules/mongoose/lib/schema:
array.js
bigint.js
boolean.js
buffer.js
date.js
decimal128.js
documentArray.js
documentArrayElement.js
double.js
index.js
int32.js
map.js
mixed.js
number.js
objectId.js
operators
string.js
subdocument.js
symbols.js
union.js
uuid.js

/Users/dep/Desktop/backendcodeladder//node_modules/mongoose/lib/schema/operators:
bitwise.js
exists.js
geospatial.js
helpers.js
text.js
type.js

/Users/dep/Desktop/backendcodeladder//node_modules/mongoose/lib/standardSchema:
convertErrorToIssues.js

/Users/dep/Desktop/backendcodeladder//node_modules/mongoose/lib/types:
array
arraySubdocument.js
buffer.js
decimal128.js
documentArray
double.js
index.js
map.js
objectid.js
subdocument.js
uuid.js

/Users/dep/Desktop/backendcodeladder//node_modules/mongoose/lib/types/array:
index.js
isMongooseArray.js
methods

/Users/dep/Desktop/backendcodeladder//node_modules/mongoose/lib/types/array/methods:
index.js

/Users/dep/Desktop/backendcodeladder//node_modules/mongoose/lib/types/documentArray:
index.js
isMongooseDocumentArray.js
methods

/Users/dep/Desktop/backendcodeladder//node_modules/mongoose/lib/types/documentArray/methods:
index.js

/Users/dep/Desktop/backendcodeladder//node_modules/mongoose/types:
aggregate.d.ts
augmentations.d.ts
callback.d.ts
collection.d.ts
connection.d.ts
cursor.d.ts
document.d.ts
error.d.ts
expressions.d.ts
helpers.d.ts
index.d.ts
indexes.d.ts
inferhydrateddoctype.d.ts
inferrawdoctype.d.ts
inferschematype.d.ts
middlewares.d.ts
models.d.ts
mongooseoptions.d.ts
pipelinestage.d.ts
populate.d.ts
query.d.ts
schemaoptions.d.ts
schematypes.d.ts
session.d.ts
tracing.d.ts
types.d.ts
utility.d.ts
validation.d.ts
virtuals.d.ts

/Users/dep/Desktop/backendcodeladder//node_modules/mpath:
History.md
LICENSE
README.md
SECURITY.md
index.js
lib
package.json
test

/Users/dep/Desktop/backendcodeladder//node_modules/mpath/lib:
index.js
stringToParts.js

/Users/dep/Desktop/backendcodeladder//node_modules/mpath/test:
index.js
stringToParts.js

/Users/dep/Desktop/backendcodeladder//node_modules/mquery:
History.md
LICENSE
README.md
SECURITY.md
lib
package.json

/Users/dep/Desktop/backendcodeladder//node_modules/mquery/lib:
collection
env.js
mquery.js
permissions.js
utils.js

/Users/dep/Desktop/backendcodeladder//node_modules/mquery/lib/collection:
collection.js
index.js
node.js

/Users/dep/Desktop/backendcodeladder//node_modules/ms:
index.js
license.md
package.json
readme.md

/Users/dep/Desktop/backendcodeladder//node_modules/natural-compare:
README.md
index.js
package.json

/Users/dep/Desktop/backendcodeladder//node_modules/negotiator:
LICENSE
README.md
index.js
lib
node_modules
package.json

/Users/dep/Desktop/backendcodeladder//node_modules/negotiator/lib:
accept.js
charset.js
encoding.js
language.js
mediaType.js

/Users/dep/Desktop/backendcodeladder//node_modules/negotiator/node_modules:
content-type

/Users/dep/Desktop/backendcodeladder//node_modules/negotiator/node_modules/content-type:
LICENSE
README.md
dist
package.json

/Users/dep/Desktop/backendcodeladder//node_modules/negotiator/node_modules/content-type/dist:
index.d.ts
index.js
index.js.map

/Users/dep/Desktop/backendcodeladder//node_modules/node-addon-api:
LICENSE.md
README.md
common.gypi
except.gypi
index.js
napi-inl.deprecated.h
napi-inl.h
napi.h
node_addon_api.gyp
node_api.gyp
noexcept.gypi
nothing.c
package-support.json
package.json
tools

/Users/dep/Desktop/backendcodeladder//node_modules/node-addon-api/tools:
README.md
check-napi.js
clang-format.js
conversion.js

/Users/dep/Desktop/backendcodeladder//node_modules/node-gyp-build:
LICENSE
README.md
SECURITY.md
bin.js
build-test.js
index.js
node-gyp-build.js
optional.js
package.json

/Users/dep/Desktop/backendcodeladder//node_modules/node-int64:
Int64.js
LICENSE
README.md
package.json
test.js

/Users/dep/Desktop/backendcodeladder//node_modules/node-releases:
LICENSE
README.md
data
package.json

/Users/dep/Desktop/backendcodeladder//node_modules/node-releases/data:
processed
release-schedule

/Users/dep/Desktop/backendcodeladder//node_modules/node-releases/data/processed:
envs.json

/Users/dep/Desktop/backendcodeladder//node_modules/node-releases/data/release-schedule:
release-schedule.json

/Users/dep/Desktop/backendcodeladder//node_modules/nodemon:
LICENSE
README.md
bin
doc
index.d.ts
jsconfig.json
lib
package.json

/Users/dep/Desktop/backendcodeladder//node_modules/nodemon/bin:
nodemon.js
windows-kill.exe

/Users/dep/Desktop/backendcodeladder//node_modules/nodemon/doc:
cli

/Users/dep/Desktop/backendcodeladder//node_modules/nodemon/doc/cli:
authors.txt
config.txt
help.txt
logo.txt
options.txt
topics.txt
usage.txt
whoami.txt

/Users/dep/Desktop/backendcodeladder//node_modules/nodemon/lib:
cli
config
help
index.js
monitor
nodemon.js
rules
spawn.js
utils
version.js

/Users/dep/Desktop/backendcodeladder//node_modules/nodemon/lib/cli:
index.js
parse.js

/Users/dep/Desktop/backendcodeladder//node_modules/nodemon/lib/config:
command.js
defaults.js
exec.js
index.js
load.js

/Users/dep/Desktop/backendcodeladder//node_modules/nodemon/lib/help:
index.js

/Users/dep/Desktop/backendcodeladder//node_modules/nodemon/lib/monitor:
index.js
match.js
run.js
signals.js
watch.js

/Users/dep/Desktop/backendcodeladder//node_modules/nodemon/lib/rules:
add.js
index.js
parse.js

/Users/dep/Desktop/backendcodeladder//node_modules/nodemon/lib/utils:
bus.js
clone.js
colour.js
index.js
log.js
merge.js

/Users/dep/Desktop/backendcodeladder//node_modules/normalize-path:
LICENSE
README.md
index.js
package.json

/Users/dep/Desktop/backendcodeladder//node_modules/npm-run-path:
index.d.ts
index.js
license
package.json
readme.md

/Users/dep/Desktop/backendcodeladder//node_modules/object-assign:
index.js
license
package.json
readme.md

/Users/dep/Desktop/backendcodeladder//node_modules/object-inspect:
CHANGELOG.md
LICENSE
example
index.js
package-support.json
package.json
readme.markdown
test
test-core-js.js
util.inspect.js

/Users/dep/Desktop/backendcodeladder//node_modules/object-inspect/example:
all.js
circular.js
fn.js
inspect.js

/Users/dep/Desktop/backendcodeladder//node_modules/object-inspect/test:
bigint.js
browser
circular.js
deep.js
element.js
err.js
fakes.js
fn.js
global.js
has.js
holes.js
indent-option.js
inspect.js
lowbyte.js
number.js
quoteStyle.js
toStringTag.js
undef.js
values.js

/Users/dep/Desktop/backendcodeladder//node_modules/object-inspect/test/browser:
dom.js

/Users/dep/Desktop/backendcodeladder//node_modules/on-finished:
HISTORY.md
LICENSE
README.md
index.js
package.json

/Users/dep/Desktop/backendcodeladder//node_modules/once:
LICENSE
README.md
once.js
package.json

/Users/dep/Desktop/backendcodeladder//node_modules/onetime:
index.d.ts
index.js
license
package.json
readme.md

/Users/dep/Desktop/backendcodeladder//node_modules/p-limit:
index.d.ts
index.js
license
package.json
readme.md

/Users/dep/Desktop/backendcodeladder//node_modules/p-locate:
index.d.ts
index.js
license
node_modules
package.json
readme.md

/Users/dep/Desktop/backendcodeladder//node_modules/p-locate/node_modules:
p-limit

/Users/dep/Desktop/backendcodeladder//node_modules/p-locate/node_modules/p-limit:
index.d.ts
index.js
license
package.json
readme.md

/Users/dep/Desktop/backendcodeladder//node_modules/p-try:
index.d.ts
index.js
license
package.json
readme.md

/Users/dep/Desktop/backendcodeladder//node_modules/parse-json:
index.js
license
package.json
readme.md

/Users/dep/Desktop/backendcodeladder//node_modules/parseurl:
HISTORY.md
LICENSE
README.md
index.js
package.json

/Users/dep/Desktop/backendcodeladder//node_modules/path-exists:
index.d.ts
index.js
license
package.json
readme.md

/Users/dep/Desktop/backendcodeladder//node_modules/path-is-absolute:
index.js
license
package.json
readme.md

/Users/dep/Desktop/backendcodeladder//node_modules/path-key:
index.d.ts
index.js
license
package.json
readme.md

/Users/dep/Desktop/backendcodeladder//node_modules/path-parse:
LICENSE
README.md
index.js
package.json

/Users/dep/Desktop/backendcodeladder//node_modules/path-to-regexp:
LICENSE
Readme.md
dist
package.json

/Users/dep/Desktop/backendcodeladder//node_modules/path-to-regexp/dist:
index.d.ts
index.js
index.js.map

/Users/dep/Desktop/backendcodeladder//node_modules/picocolors:
LICENSE
README.md
package.json
picocolors.browser.js
picocolors.d.ts
picocolors.js
types.d.ts

/Users/dep/Desktop/backendcodeladder//node_modules/picomatch:
LICENSE
README.md
index.js
lib
package.json

/Users/dep/Desktop/backendcodeladder//node_modules/picomatch/lib:
constants.js
parse.js
picomatch.js
scan.js
utils.js

/Users/dep/Desktop/backendcodeladder//node_modules/pirates:
LICENSE
README.md
index.d.ts
lib
package.json

/Users/dep/Desktop/backendcodeladder//node_modules/pirates/lib:
index.js

/Users/dep/Desktop/backendcodeladder//node_modules/pkg-dir:
index.d.ts
index.js
license
package.json
readme.md

/Users/dep/Desktop/backendcodeladder//node_modules/pretty-format:
LICENSE
README.md
build
node_modules
package.json

/Users/dep/Desktop/backendcodeladder//node_modules/pretty-format/build:
collections.js
index.d.ts
index.js
plugins
types.js

/Users/dep/Desktop/backendcodeladder//node_modules/pretty-format/build/plugins:
AsymmetricMatcher.js
DOMCollection.js
DOMElement.js
Immutable.js
ReactElement.js
ReactTestComponent.js
lib

/Users/dep/Desktop/backendcodeladder//node_modules/pretty-format/build/plugins/lib:
escapeHTML.js
markup.js

/Users/dep/Desktop/backendcodeladder//node_modules/pretty-format/node_modules:
ansi-styles

/Users/dep/Desktop/backendcodeladder//node_modules/pretty-format/node_modules/ansi-styles:
index.d.ts
index.js
license
package.json
readme.md

/Users/dep/Desktop/backendcodeladder//node_modules/prompts:
dist
index.js
lib
license
package.json
readme.md

/Users/dep/Desktop/backendcodeladder//node_modules/prompts/dist:
dateparts
elements
index.js
prompts.js
util

/Users/dep/Desktop/backendcodeladder//node_modules/prompts/dist/dateparts:
datepart.js
day.js
hours.js
index.js
meridiem.js
milliseconds.js
minutes.js
month.js
seconds.js
year.js

/Users/dep/Desktop/backendcodeladder//node_modules/prompts/dist/elements:
autocomplete.js
autocompleteMultiselect.js
confirm.js
date.js
index.js
multiselect.js
number.js
prompt.js
select.js
text.js
toggle.js

/Users/dep/Desktop/backendcodeladder//node_modules/prompts/dist/util:
action.js
clear.js
entriesToDisplay.js
figures.js
index.js
lines.js
strip.js
style.js
wrap.js

/Users/dep/Desktop/backendcodeladder//node_modules/prompts/lib:
dateparts
elements
index.js
prompts.js
util

/Users/dep/Desktop/backendcodeladder//node_modules/prompts/lib/dateparts:
datepart.js
day.js
hours.js
index.js
meridiem.js
milliseconds.js
minutes.js
month.js
seconds.js
year.js

/Users/dep/Desktop/backendcodeladder//node_modules/prompts/lib/elements:
autocomplete.js
autocompleteMultiselect.js
confirm.js
date.js
index.js
multiselect.js
number.js
prompt.js
select.js
text.js
toggle.js

/Users/dep/Desktop/backendcodeladder//node_modules/prompts/lib/util:
action.js
clear.js
entriesToDisplay.js
figures.js
index.js
lines.js
strip.js
style.js
wrap.js

/Users/dep/Desktop/backendcodeladder//node_modules/proxy-addr:
HISTORY.md
LICENSE
README.md
index.js
package.json

/Users/dep/Desktop/backendcodeladder//node_modules/pstree.remy:
LICENSE
README.md
lib
package.json
tests

/Users/dep/Desktop/backendcodeladder//node_modules/pstree.remy/lib:
index.js
tree.js
utils.js

/Users/dep/Desktop/backendcodeladder//node_modules/pstree.remy/tests:
fixtures
index.test.js

/Users/dep/Desktop/backendcodeladder//node_modules/pstree.remy/tests/fixtures:
index.js
out1
out2

/Users/dep/Desktop/backendcodeladder//node_modules/punycode:
LICENSE-MIT.txt
README.md
package.json
punycode.es6.js
punycode.js

/Users/dep/Desktop/backendcodeladder//node_modules/pure-rand:
CHANGELOG.md
LICENSE
README.md
lib
package.json

/Users/dep/Desktop/backendcodeladder//node_modules/pure-rand/lib:
distribution
esm
generator
pure-rand-default.js
pure-rand.js
types

/Users/dep/Desktop/backendcodeladder//node_modules/pure-rand/lib/distribution:
Distribution.js
UniformArrayIntDistribution.js
UniformBigIntDistribution.js
UniformIntDistribution.js
UnsafeUniformArrayIntDistribution.js
UnsafeUniformBigIntDistribution.js
UnsafeUniformIntDistribution.js
internals

/Users/dep/Desktop/backendcodeladder//node_modules/pure-rand/lib/distribution/internals:
ArrayInt.js
UnsafeUniformArrayIntDistributionInternal.js
UnsafeUniformIntDistributionInternal.js

/Users/dep/Desktop/backendcodeladder//node_modules/pure-rand/lib/esm:
distribution
generator
package.json
pure-rand-default.js
pure-rand.js
types

/Users/dep/Desktop/backendcodeladder//node_modules/pure-rand/lib/esm/distribution:
Distribution.js
UniformArrayIntDistribution.js
UniformBigIntDistribution.js
UniformIntDistribution.js
UnsafeUniformArrayIntDistribution.js
UnsafeUniformBigIntDistribution.js
UnsafeUniformIntDistribution.js
internals

/Users/dep/Desktop/backendcodeladder//node_modules/pure-rand/lib/esm/distribution/internals:
ArrayInt.js
UnsafeUniformArrayIntDistributionInternal.js
UnsafeUniformIntDistributionInternal.js

/Users/dep/Desktop/backendcodeladder//node_modules/pure-rand/lib/esm/generator:
LinearCongruential.js
MersenneTwister.js
RandomGenerator.js
XorShift.js
XoroShiro.js

/Users/dep/Desktop/backendcodeladder//node_modules/pure-rand/lib/esm/types:
distribution
generator
pure-rand-default.d.ts
pure-rand.d.ts

/Users/dep/Desktop/backendcodeladder//node_modules/pure-rand/lib/esm/types/distribution:
Distribution.d.ts
UniformArrayIntDistribution.d.ts
UniformBigIntDistribution.d.ts
UniformIntDistribution.d.ts
UnsafeUniformArrayIntDistribution.d.ts
UnsafeUniformBigIntDistribution.d.ts
UnsafeUniformIntDistribution.d.ts
internals

/Users/dep/Desktop/backendcodeladder//node_modules/pure-rand/lib/esm/types/distribution/internals:
ArrayInt.d.ts
UnsafeUniformArrayIntDistributionInternal.d.ts
UnsafeUniformIntDistributionInternal.d.ts

/Users/dep/Desktop/backendcodeladder//node_modules/pure-rand/lib/esm/types/generator:
LinearCongruential.d.ts
MersenneTwister.d.ts
RandomGenerator.d.ts
XorShift.d.ts
XoroShiro.d.ts

/Users/dep/Desktop/backendcodeladder//node_modules/pure-rand/lib/generator:
LinearCongruential.js
MersenneTwister.js
RandomGenerator.js
XorShift.js
XoroShiro.js

/Users/dep/Desktop/backendcodeladder//node_modules/pure-rand/lib/types:
distribution
generator
pure-rand-default.d.ts
pure-rand.d.ts

/Users/dep/Desktop/backendcodeladder//node_modules/pure-rand/lib/types/distribution:
Distribution.d.ts
UniformArrayIntDistribution.d.ts
UniformBigIntDistribution.d.ts
UniformIntDistribution.d.ts
UnsafeUniformArrayIntDistribution.d.ts
UnsafeUniformBigIntDistribution.d.ts
UnsafeUniformIntDistribution.d.ts
internals

/Users/dep/Desktop/backendcodeladder//node_modules/pure-rand/lib/types/distribution/internals:
ArrayInt.d.ts
UnsafeUniformArrayIntDistributionInternal.d.ts
UnsafeUniformIntDistributionInternal.d.ts

/Users/dep/Desktop/backendcodeladder//node_modules/pure-rand/lib/types/generator:
LinearCongruential.d.ts
MersenneTwister.d.ts
RandomGenerator.d.ts
XorShift.d.ts
XoroShiro.d.ts

/Users/dep/Desktop/backendcodeladder//node_modules/qs:
CHANGELOG.md
LICENSE.md
README.md
dist
eslint.config.mjs
lib
package.json
test

/Users/dep/Desktop/backendcodeladder//node_modules/qs/dist:
qs.js

/Users/dep/Desktop/backendcodeladder//node_modules/qs/lib:
formats.js
index.js
parse.js
stringify.js
utils.js

/Users/dep/Desktop/backendcodeladder//node_modules/qs/test:
empty-keys-cases.js
parse.js
stringify.js
utils.js

/Users/dep/Desktop/backendcodeladder//node_modules/range-parser:
HISTORY.md
LICENSE
README.md
index.js
package.json

/Users/dep/Desktop/backendcodeladder//node_modules/raw-body:
LICENSE
README.md
index.d.ts
index.js
package.json

/Users/dep/Desktop/backendcodeladder//node_modules/react-is:
LICENSE
README.md
cjs
index.js
package.json
umd

/Users/dep/Desktop/backendcodeladder//node_modules/react-is/cjs:
react-is.development.js
react-is.production.min.js

/Users/dep/Desktop/backendcodeladder//node_modules/react-is/umd:
react-is.development.js
react-is.production.min.js

/Users/dep/Desktop/backendcodeladder//node_modules/readdirp:
LICENSE
README.md
index.d.ts
index.js
package.json

/Users/dep/Desktop/backendcodeladder//node_modules/require-directory:
LICENSE
README.markdown
index.js
package.json

/Users/dep/Desktop/backendcodeladder//node_modules/resolve:
LICENSE
SECURITY.md
async.js
bin
eslint.config.mjs
example
index.js
lib
package.json
readme.markdown
sync.js
test

/Users/dep/Desktop/backendcodeladder//node_modules/resolve/bin:
resolve

/Users/dep/Desktop/backendcodeladder//node_modules/resolve/example:
async.js
sync.js

/Users/dep/Desktop/backendcodeladder//node_modules/resolve/lib:
async.js
caller.js
core.js
core.json
homedir.js
is-core.js
node-modules-paths.js
normalize-options.js
sync.js

/Users/dep/Desktop/backendcodeladder//node_modules/resolve/test:
core.js
default_paths.js
dotdot
dotdot.js
faulty_basedir.js
filter.js
filter_sync.js
home_paths.js
home_paths_sync.js
homedir.js
mock.js
mock_sync.js
module_dir
module_dir.js
node-modules-paths.js
node_path
node_path.js
nonstring.js
pathfilter
pathfilter.js
pathfilter_sync.js
precedence
precedence.js
resolver
resolver.js
resolver_sync.js
shadowed_core
shadowed_core.js
subdirs.js
symlinks.js

/Users/dep/Desktop/backendcodeladder//node_modules/resolve/test/dotdot:
abc
index.js

/Users/dep/Desktop/backendcodeladder//node_modules/resolve/test/dotdot/abc:
index.js

/Users/dep/Desktop/backendcodeladder//node_modules/resolve/test/module_dir:
xmodules
ymodules
zmodules

/Users/dep/Desktop/backendcodeladder//node_modules/resolve/test/module_dir/xmodules:
aaa

/Users/dep/Desktop/backendcodeladder//node_modules/resolve/test/module_dir/xmodules/aaa:
index.js

/Users/dep/Desktop/backendcodeladder//node_modules/resolve/test/module_dir/ymodules:
aaa

/Users/dep/Desktop/backendcodeladder//node_modules/resolve/test/module_dir/ymodules/aaa:
index.js

/Users/dep/Desktop/backendcodeladder//node_modules/resolve/test/module_dir/zmodules:
bbb

/Users/dep/Desktop/backendcodeladder//node_modules/resolve/test/module_dir/zmodules/bbb:
main.js
package.json

/Users/dep/Desktop/backendcodeladder//node_modules/resolve/test/node_path:
x
y

/Users/dep/Desktop/backendcodeladder//node_modules/resolve/test/node_path/x:
aaa
ccc

/Users/dep/Desktop/backendcodeladder//node_modules/resolve/test/node_path/x/aaa:
index.js

/Users/dep/Desktop/backendcodeladder//node_modules/resolve/test/node_path/x/ccc:
index.js

/Users/dep/Desktop/backendcodeladder//node_modules/resolve/test/node_path/y:
bbb
ccc

/Users/dep/Desktop/backendcodeladder//node_modules/resolve/test/node_path/y/bbb:
index.js

/Users/dep/Desktop/backendcodeladder//node_modules/resolve/test/node_path/y/ccc:
index.js

/Users/dep/Desktop/backendcodeladder//node_modules/resolve/test/pathfilter:
deep_ref

/Users/dep/Desktop/backendcodeladder//node_modules/resolve/test/pathfilter/deep_ref:
main.js

/Users/dep/Desktop/backendcodeladder//node_modules/resolve/test/precedence:
aaa
aaa.js
bbb
bbb.js

/Users/dep/Desktop/backendcodeladder//node_modules/resolve/test/precedence/aaa:
index.js
main.js

/Users/dep/Desktop/backendcodeladder//node_modules/resolve/test/precedence/bbb:
main.js

/Users/dep/Desktop/backendcodeladder//node_modules/resolve/test/resolver:
baz
browser_field
cup.coffee
dot_main
dot_slash_main
false_main
foo.js
incorrect_main
invalid_main
mug.coffee
mug.js
multirepo
nested_symlinks
other_path
quux
same_names
symlinked
without_basedir

/Users/dep/Desktop/backendcodeladder//node_modules/resolve/test/resolver/baz:
doom.js
package.json
quux.js

/Users/dep/Desktop/backendcodeladder//node_modules/resolve/test/resolver/browser_field:
a.js
b.js
package.json

/Users/dep/Desktop/backendcodeladder//node_modules/resolve/test/resolver/dot_main:
index.js
package.json

/Users/dep/Desktop/backendcodeladder//node_modules/resolve/test/resolver/dot_slash_main:
index.js
package.json

/Users/dep/Desktop/backendcodeladder//node_modules/resolve/test/resolver/false_main:
index.js
package.json

/Users/dep/Desktop/backendcodeladder//node_modules/resolve/test/resolver/incorrect_main:
index.js
package.json

/Users/dep/Desktop/backendcodeladder//node_modules/resolve/test/resolver/invalid_main:
package.json

/Users/dep/Desktop/backendcodeladder//node_modules/resolve/test/resolver/multirepo:
lerna.json
package.json
packages

/Users/dep/Desktop/backendcodeladder//node_modules/resolve/test/resolver/multirepo/packages:
package-a
package-b

/Users/dep/Desktop/backendcodeladder//node_modules/resolve/test/resolver/multirepo/packages/package-a:
index.js
package.json

/Users/dep/Desktop/backendcodeladder//node_modules/resolve/test/resolver/multirepo/packages/package-b:
index.js
package.json

/Users/dep/Desktop/backendcodeladder//node_modules/resolve/test/resolver/nested_symlinks:
mylib

/Users/dep/Desktop/backendcodeladder//node_modules/resolve/test/resolver/nested_symlinks/mylib:
async.js
package.json
sync.js

/Users/dep/Desktop/backendcodeladder//node_modules/resolve/test/resolver/other_path:
lib
root.js

/Users/dep/Desktop/backendcodeladder//node_modules/resolve/test/resolver/other_path/lib:
other-lib.js

/Users/dep/Desktop/backendcodeladder//node_modules/resolve/test/resolver/quux:
foo

/Users/dep/Desktop/backendcodeladder//node_modules/resolve/test/resolver/quux/foo:
index.js

/Users/dep/Desktop/backendcodeladder//node_modules/resolve/test/resolver/same_names:
foo
foo.js

/Users/dep/Desktop/backendcodeladder//node_modules/resolve/test/resolver/same_names/foo:
index.js

/Users/dep/Desktop/backendcodeladder//node_modules/resolve/test/resolver/symlinked:
_
package

/Users/dep/Desktop/backendcodeladder//node_modules/resolve/test/resolver/symlinked/_:
node_modules
symlink_target

/Users/dep/Desktop/backendcodeladder//node_modules/resolve/test/resolver/symlinked/_/node_modules:
foo.js

/Users/dep/Desktop/backendcodeladder//node_modules/resolve/test/resolver/symlinked/_/symlink_target:

/Users/dep/Desktop/backendcodeladder//node_modules/resolve/test/resolver/symlinked/package:
bar.js
package.json

/Users/dep/Desktop/backendcodeladder//node_modules/resolve/test/resolver/without_basedir:
main.js

/Users/dep/Desktop/backendcodeladder//node_modules/resolve/test/shadowed_core:
node_modules

/Users/dep/Desktop/backendcodeladder//node_modules/resolve/test/shadowed_core/node_modules:
util

/Users/dep/Desktop/backendcodeladder//node_modules/resolve/test/shadowed_core/node_modules/util:
index.js

/Users/dep/Desktop/backendcodeladder//node_modules/resolve-cwd:
index.d.ts
index.js
license
package.json
readme.md

/Users/dep/Desktop/backendcodeladder//node_modules/resolve-from:
index.d.ts
index.js
license
package.json
readme.md

/Users/dep/Desktop/backendcodeladder//node_modules/resolve.exports:
dist
index.d.ts
license
package.json
readme.md

/Users/dep/Desktop/backendcodeladder//node_modules/resolve.exports/dist:
index.js
index.mjs

/Users/dep/Desktop/backendcodeladder//node_modules/router:
HISTORY.md
LICENSE
README.md
index.js
lib
package.json

/Users/dep/Desktop/backendcodeladder//node_modules/router/lib:
layer.js
route.js

/Users/dep/Desktop/backendcodeladder//node_modules/safe-buffer:
LICENSE
README.md
index.d.ts
index.js
package.json

/Users/dep/Desktop/backendcodeladder//node_modules/safer-buffer:
LICENSE
Porting-Buffer.md
Readme.md
dangerous.js
package.json
safer.js
tests.js

/Users/dep/Desktop/backendcodeladder//node_modules/semver:
LICENSE
README.md
bin
classes
functions
index.js
internal
package.json
preload.js
range.bnf
ranges

/Users/dep/Desktop/backendcodeladder//node_modules/semver/bin:
semver.js

/Users/dep/Desktop/backendcodeladder//node_modules/semver/classes:
comparator.js
index.js
range.js
semver.js

/Users/dep/Desktop/backendcodeladder//node_modules/semver/functions:
clean.js
cmp.js
coerce.js
compare-build.js
compare-loose.js
compare.js
diff.js
eq.js
gt.js
gte.js
inc.js
lt.js
lte.js
major.js
minor.js
neq.js
parse.js
patch.js
prerelease.js
rcompare.js
rsort.js
satisfies.js
sort.js
truncate.js
valid.js

/Users/dep/Desktop/backendcodeladder//node_modules/semver/internal:
constants.js
debug.js
identifiers.js
lrucache.js
parse-options.js
re.js

/Users/dep/Desktop/backendcodeladder//node_modules/semver/ranges:
gtr.js
intersects.js
ltr.js
max-satisfying.js
min-satisfying.js
min-version.js
outside.js
simplify.js
subset.js
to-comparators.js
valid.js

/Users/dep/Desktop/backendcodeladder//node_modules/send:
LICENSE
README.md
index.js
package.json

/Users/dep/Desktop/backendcodeladder//node_modules/serve-static:
LICENSE
README.md
index.js
package.json

/Users/dep/Desktop/backendcodeladder//node_modules/setprototypeof:
LICENSE
README.md
index.d.ts
index.js
package.json
test

/Users/dep/Desktop/backendcodeladder//node_modules/setprototypeof/test:
index.js

/Users/dep/Desktop/backendcodeladder//node_modules/shebang-command:
index.js
license
package.json
readme.md

/Users/dep/Desktop/backendcodeladder//node_modules/shebang-regex:
index.d.ts
index.js
license
package.json
readme.md

/Users/dep/Desktop/backendcodeladder//node_modules/side-channel:
CHANGELOG.md
LICENSE
README.md
index.d.ts
index.js
package.json
test
tsconfig.json

/Users/dep/Desktop/backendcodeladder//node_modules/side-channel/test:
index.js

/Users/dep/Desktop/backendcodeladder//node_modules/side-channel-list:
CHANGELOG.md
LICENSE
README.md
index.d.ts
index.js
list.d.ts
package.json
test
tsconfig.json

/Users/dep/Desktop/backendcodeladder//node_modules/side-channel-list/test:
index.js

/Users/dep/Desktop/backendcodeladder//node_modules/side-channel-map:
CHANGELOG.md
LICENSE
README.md
index.d.ts
index.js
package.json
test
tsconfig.json

/Users/dep/Desktop/backendcodeladder//node_modules/side-channel-map/test:
index.js

/Users/dep/Desktop/backendcodeladder//node_modules/side-channel-weakmap:
CHANGELOG.md
LICENSE
README.md
index.d.ts
index.js
package.json
test
tsconfig.json

/Users/dep/Desktop/backendcodeladder//node_modules/side-channel-weakmap/test:
index.js

/Users/dep/Desktop/backendcodeladder//node_modules/sift:
MIT-LICENSE.txt
README.md
es
es5m
index.d.ts
index.js
lib
package.json
sift.csp.min.js
sift.csp.min.js.map
sift.min.js
sift.min.js.map
src

/Users/dep/Desktop/backendcodeladder//node_modules/sift/es:
index.js
index.js.map

/Users/dep/Desktop/backendcodeladder//node_modules/sift/es5m:
index.js
index.js.map

/Users/dep/Desktop/backendcodeladder//node_modules/sift/lib:
core.d.ts
index.d.ts
index.js
index.js.map
operations.d.ts
utils.d.ts

/Users/dep/Desktop/backendcodeladder//node_modules/sift/src:
core.ts
index.ts
operations.ts
utils.ts

/Users/dep/Desktop/backendcodeladder//node_modules/signal-exit:
LICENSE.txt
README.md
index.js
package.json
signals.js

/Users/dep/Desktop/backendcodeladder//node_modules/simple-update-notifier:
LICENSE
README.md
build
package.json
src

/Users/dep/Desktop/backendcodeladder//node_modules/simple-update-notifier/build:
index.d.ts
index.js

/Users/dep/Desktop/backendcodeladder//node_modules/simple-update-notifier/src:
borderedText.ts
cache.spec.ts
cache.ts
getDistVersion.spec.ts
getDistVersion.ts
hasNewVersion.spec.ts
hasNewVersion.ts
index.spec.ts
index.ts
isNpmOrYarn.ts
types.ts

/Users/dep/Desktop/backendcodeladder//node_modules/sisteransi:
license
package.json
readme.md
src

/Users/dep/Desktop/backendcodeladder//node_modules/sisteransi/src:
index.js
sisteransi.d.ts

/Users/dep/Desktop/backendcodeladder//node_modules/slash:
index.d.ts
index.js
license
package.json
readme.md

/Users/dep/Desktop/backendcodeladder//node_modules/source-map:
CHANGELOG.md
LICENSE
README.md
dist
lib
package.json
source-map.d.ts
source-map.js

/Users/dep/Desktop/backendcodeladder//node_modules/source-map/dist:
source-map.debug.js
source-map.js
source-map.min.js
source-map.min.js.map

/Users/dep/Desktop/backendcodeladder//node_modules/source-map/lib:
array-set.js
base64-vlq.js
base64.js
binary-search.js
mapping-list.js
quick-sort.js
source-map-consumer.js
source-map-generator.js
source-node.js
util.js

/Users/dep/Desktop/backendcodeladder//node_modules/source-map-support:
LICENSE.md
README.md
browser-source-map-support.js
package.json
register.js
source-map-support.js

/Users/dep/Desktop/backendcodeladder//node_modules/sparse-bitfield:
LICENSE
README.md
index.js
package.json
test.js

/Users/dep/Desktop/backendcodeladder//node_modules/sprintf-js:
LICENSE
README.md
bower.json
demo
dist
gruntfile.js
package.json
src
test

/Users/dep/Desktop/backendcodeladder//node_modules/sprintf-js/demo:
angular.html

/Users/dep/Desktop/backendcodeladder//node_modules/sprintf-js/dist:
angular-sprintf.min.js
angular-sprintf.min.js.map
angular-sprintf.min.map
sprintf.min.js
sprintf.min.js.map
sprintf.min.map

/Users/dep/Desktop/backendcodeladder//node_modules/sprintf-js/src:
angular-sprintf.js
sprintf.js

/Users/dep/Desktop/backendcodeladder//node_modules/sprintf-js/test:
test.js

/Users/dep/Desktop/backendcodeladder//node_modules/stack-utils:
LICENSE.md
index.js
package.json
readme.md

/Users/dep/Desktop/backendcodeladder//node_modules/statuses:
HISTORY.md
LICENSE
README.md
codes.json
index.js
package.json

/Users/dep/Desktop/backendcodeladder//node_modules/string-length:
index.d.ts
index.js
license
package.json
readme.md

/Users/dep/Desktop/backendcodeladder//node_modules/string-width:
index.d.ts
index.js
license
package.json
readme.md

/Users/dep/Desktop/backendcodeladder//node_modules/strip-ansi:
index.d.ts
index.js
license
package.json
readme.md

/Users/dep/Desktop/backendcodeladder//node_modules/strip-bom:
index.d.ts
index.js
license
package.json
readme.md

/Users/dep/Desktop/backendcodeladder//node_modules/strip-final-newline:
index.js
license
package.json
readme.md

/Users/dep/Desktop/backendcodeladder//node_modules/strip-json-comments:
index.d.ts
index.js
license
package.json
readme.md

/Users/dep/Desktop/backendcodeladder//node_modules/superagent:
LICENSE
README.md
dist
lib
package.json

/Users/dep/Desktop/backendcodeladder//node_modules/superagent/dist:
superagent.js
superagent.min.js

/Users/dep/Desktop/backendcodeladder//node_modules/superagent/lib:
agent-base.js
client.js
node
request-base.js
response-base.js
utils.js

/Users/dep/Desktop/backendcodeladder//node_modules/superagent/lib/node:
agent.js
decompress.js
http2wrapper.js
index.js
parsers
response.js
unzip.js

/Users/dep/Desktop/backendcodeladder//node_modules/superagent/lib/node/parsers:
image.js
index.js
json.js
text.js
urlencoded.js

/Users/dep/Desktop/backendcodeladder//node_modules/supertest:
LICENSE
README.md
index.js
lib
package.json

/Users/dep/Desktop/backendcodeladder//node_modules/supertest/lib:
agent.js
cookies
test.js

/Users/dep/Desktop/backendcodeladder//node_modules/supertest/lib/cookies:
assertion.js
index.js

/Users/dep/Desktop/backendcodeladder//node_modules/supports-color:
browser.js
index.js
license
package.json
readme.md

/Users/dep/Desktop/backendcodeladder//node_modules/supports-preserve-symlinks-flag:
CHANGELOG.md
LICENSE
README.md
browser.js
index.js
package.json
test

/Users/dep/Desktop/backendcodeladder//node_modules/supports-preserve-symlinks-flag/test:
index.js

/Users/dep/Desktop/backendcodeladder//node_modules/test-exclude:
CHANGELOG.md
LICENSE.txt
README.md
index.js
is-outside-dir-posix.js
is-outside-dir-win32.js
is-outside-dir.js
node_modules
package.json

/Users/dep/Desktop/backendcodeladder//node_modules/test-exclude/node_modules:
balanced-match
brace-expansion
minimatch

/Users/dep/Desktop/backendcodeladder//node_modules/test-exclude/node_modules/balanced-match:
LICENSE.md
README.md
index.js
package.json

/Users/dep/Desktop/backendcodeladder//node_modules/test-exclude/node_modules/brace-expansion:
LICENSE
README.md
index.js
package.json

/Users/dep/Desktop/backendcodeladder//node_modules/test-exclude/node_modules/minimatch:
LICENSE
README.md
minimatch.js
package.json

/Users/dep/Desktop/backendcodeladder//node_modules/tmpl:
lib
license
package.json
readme.md

/Users/dep/Desktop/backendcodeladder//node_modules/tmpl/lib:
tmpl.js

/Users/dep/Desktop/backendcodeladder//node_modules/to-regex-range:
LICENSE
README.md
index.js
package.json

/Users/dep/Desktop/backendcodeladder//node_modules/toidentifier:
HISTORY.md
LICENSE
README.md
index.js
package.json

/Users/dep/Desktop/backendcodeladder//node_modules/touch:
LICENSE
README.md
bin
index.js
package.json

/Users/dep/Desktop/backendcodeladder//node_modules/touch/bin:
nodetouch.js

/Users/dep/Desktop/backendcodeladder//node_modules/tr46:
LICENSE.md
README.md
index.js
lib
package.json

/Users/dep/Desktop/backendcodeladder//node_modules/tr46/lib:
mappingTable.json
regexes.js
statusMapping.js

/Users/dep/Desktop/backendcodeladder//node_modules/type-detect:
LICENSE
README.md
index.js
package.json
type-detect.js

/Users/dep/Desktop/backendcodeladder//node_modules/type-fest:
base.d.ts
index.d.ts
license
package.json
readme.md
source
ts41

/Users/dep/Desktop/backendcodeladder//node_modules/type-fest/source:
async-return-type.d.ts
asyncify.d.ts
basic.d.ts
conditional-except.d.ts
conditional-keys.d.ts
conditional-pick.d.ts
entries.d.ts
entry.d.ts
except.d.ts
fixed-length-array.d.ts
iterable-element.d.ts
literal-union.d.ts
merge-exclusive.d.ts
merge.d.ts
mutable.d.ts
opaque.d.ts
package-json.d.ts
partial-deep.d.ts
promisable.d.ts
promise-value.d.ts
readonly-deep.d.ts
require-at-least-one.d.ts
require-exactly-one.d.ts
set-optional.d.ts
set-required.d.ts
set-return-type.d.ts
simplify.d.ts
stringified.d.ts
tsconfig-json.d.ts
typed-array.d.ts
union-to-intersection.d.ts
utilities.d.ts
value-of.d.ts

/Users/dep/Desktop/backendcodeladder//node_modules/type-fest/ts41:
camel-case.d.ts
delimiter-case.d.ts
get.d.ts
index.d.ts
kebab-case.d.ts
pascal-case.d.ts
snake-case.d.ts
utilities.d.ts

/Users/dep/Desktop/backendcodeladder//node_modules/type-is:
HISTORY.md
LICENSE
README.md
index.js
node_modules
package.json

/Users/dep/Desktop/backendcodeladder//node_modules/type-is/node_modules:
content-type

/Users/dep/Desktop/backendcodeladder//node_modules/type-is/node_modules/content-type:
LICENSE
README.md
dist
package.json

/Users/dep/Desktop/backendcodeladder//node_modules/type-is/node_modules/content-type/dist:
index.d.ts
index.js
index.js.map

/Users/dep/Desktop/backendcodeladder//node_modules/undefsafe:
LICENSE
README.md
example.js
lib
package.json

/Users/dep/Desktop/backendcodeladder//node_modules/undefsafe/lib:
undefsafe.js

/Users/dep/Desktop/backendcodeladder//node_modules/undici-types:
LICENSE
README.md
agent.d.ts
api.d.ts
balanced-pool.d.ts
cache-interceptor.d.ts
cache.d.ts
client-stats.d.ts
client.d.ts
connector.d.ts
content-type.d.ts
cookies.d.ts
diagnostics-channel.d.ts
dispatcher.d.ts
dispatcher1-wrapper.d.ts
env-http-proxy-agent.d.ts
errors.d.ts
eventsource.d.ts
fetch.d.ts
formdata.d.ts
global-dispatcher.d.ts
global-origin.d.ts
h2c-client.d.ts
handlers.d.ts
header.d.ts
index.d.ts
interceptors.d.ts
mock-agent.d.ts
mock-call-history.d.ts
mock-client.d.ts
mock-errors.d.ts
mock-interceptor.d.ts
mock-pool.d.ts
package.json
patch.d.ts
pool-stats.d.ts
pool.d.ts
proxy-agent.d.ts
readable.d.ts
retry-agent.d.ts
retry-handler.d.ts
round-robin-pool.d.ts
snapshot-agent.d.ts
socks5-proxy-agent.d.ts
util.d.ts
utility.d.ts
webidl.d.ts
websocket.d.ts

/Users/dep/Desktop/backendcodeladder//node_modules/unpipe:
HISTORY.md
LICENSE
README.md
index.js
package.json

/Users/dep/Desktop/backendcodeladder//node_modules/update-browserslist-db:
LICENSE
README.md
check-npm-version.js
cli.js
index.d.ts
index.js
package.json
utils.js

/Users/dep/Desktop/backendcodeladder//node_modules/v8-to-istanbul:
CHANGELOG.md
LICENSE.txt
README.md
index.d.ts
index.js
lib
package.json

/Users/dep/Desktop/backendcodeladder//node_modules/v8-to-istanbul/lib:
branch.js
function.js
line.js
range.js
source.js
v8-to-istanbul.js

/Users/dep/Desktop/backendcodeladder//node_modules/vary:
HISTORY.md
LICENSE
README.md
index.js
package.json

/Users/dep/Desktop/backendcodeladder//node_modules/walker:
LICENSE
lib
package.json
readme.md

/Users/dep/Desktop/backendcodeladder//node_modules/walker/lib:
walker.js

/Users/dep/Desktop/backendcodeladder//node_modules/webidl-conversions:
LICENSE.md
README.md
lib
package.json

/Users/dep/Desktop/backendcodeladder//node_modules/webidl-conversions/lib:
index.js

/Users/dep/Desktop/backendcodeladder//node_modules/whatwg-url:
LICENSE.txt
README.md
index.js
lib
package.json
webidl2js-wrapper.js

/Users/dep/Desktop/backendcodeladder//node_modules/whatwg-url/lib:
Function.js
URL-impl.js
URL.js
URLSearchParams-impl.js
URLSearchParams.js
VoidFunction.js
encoding.js
infra.js
percent-encoding.js
url-state-machine.js
urlencoded.js
utils.js

/Users/dep/Desktop/backendcodeladder//node_modules/which:
CHANGELOG.md
LICENSE
README.md
bin
package.json
which.js

/Users/dep/Desktop/backendcodeladder//node_modules/which/bin:
node-which

/Users/dep/Desktop/backendcodeladder//node_modules/wrap-ansi:
index.js
license
package.json
readme.md

/Users/dep/Desktop/backendcodeladder//node_modules/wrappy:
LICENSE
README.md
package.json
wrappy.js

/Users/dep/Desktop/backendcodeladder//node_modules/write-file-atomic:
LICENSE.md
README.md
lib
package.json

/Users/dep/Desktop/backendcodeladder//node_modules/write-file-atomic/lib:
index.js

/Users/dep/Desktop/backendcodeladder//node_modules/y18n:
CHANGELOG.md
LICENSE
README.md
build
index.mjs
package.json

/Users/dep/Desktop/backendcodeladder//node_modules/y18n/build:
index.cjs
lib

/Users/dep/Desktop/backendcodeladder//node_modules/y18n/build/lib:
cjs.js
index.js
platform-shims

/Users/dep/Desktop/backendcodeladder//node_modules/y18n/build/lib/platform-shims:
node.js

/Users/dep/Desktop/backendcodeladder//node_modules/yallist:
LICENSE
README.md
iterator.js
package.json
yallist.js

/Users/dep/Desktop/backendcodeladder//node_modules/yargs:
CHANGELOG.md
LICENSE
README.md
browser.mjs
build
helpers
index.cjs
index.mjs
lib
locales
package.json
yargs
yargs.cjs
yargs.mjs

/Users/dep/Desktop/backendcodeladder//node_modules/yargs/build:
index.cjs
lib

/Users/dep/Desktop/backendcodeladder//node_modules/yargs/build/lib:
argsert.js
command.js
completion-templates.js
completion.js
middleware.js
parse-command.js
typings
usage.js
utils
validation.js
yargs-factory.js
yerror.js

/Users/dep/Desktop/backendcodeladder//node_modules/yargs/build/lib/typings:
common-types.js
yargs-parser-types.js

/Users/dep/Desktop/backendcodeladder//node_modules/yargs/build/lib/utils:
apply-extends.js
is-promise.js
levenshtein.js
maybe-async-result.js
obj-filter.js
process-argv.js
set-blocking.js
which-module.js

/Users/dep/Desktop/backendcodeladder//node_modules/yargs/helpers:
helpers.mjs
index.js
package.json

/Users/dep/Desktop/backendcodeladder//node_modules/yargs/lib:
platform-shims

/Users/dep/Desktop/backendcodeladder//node_modules/yargs/lib/platform-shims:
browser.mjs
esm.mjs

/Users/dep/Desktop/backendcodeladder//node_modules/yargs/locales:
be.json
cs.json
de.json
en.json
es.json
fi.json
fr.json
hi.json
hu.json
id.json
it.json
ja.json
ko.json
nb.json
nl.json
nn.json
pirate.json
pl.json
pt.json
pt_BR.json
ru.json
th.json
tr.json
uk_UA.json
uz.json
zh_CN.json
zh_TW.json

/Users/dep/Desktop/backendcodeladder//node_modules/yargs-parser:
CHANGELOG.md
LICENSE.txt
README.md
browser.js
build
package.json

/Users/dep/Desktop/backendcodeladder//node_modules/yargs-parser/build:
index.cjs
lib

/Users/dep/Desktop/backendcodeladder//node_modules/yargs-parser/build/lib:
index.js
string-utils.js
tokenize-arg-string.js
yargs-parser-types.js
yargs-parser.js

/Users/dep/Desktop/backendcodeladder//node_modules/yocto-queue:
index.d.ts
index.js
license
package.json
readme.md

/Users/dep/Desktop/backendcodeladder//routes:
admin.js
auth.js
blogs.js
contests.js
ladders.js
me.js
platformAccounts.js
questions.js
users.js

/Users/dep/Desktop/backendcodeladder//scripts:
buildCatalog.js
clearDatabase.js
exportContestsJson.js
importAllToMongo.js
patchControllers.js
seedAdmin.js
syncCodeChefContests.js
syncCodeforcesContests.js
syncLeetCodeContests.js

/Users/dep/Desktop/backendcodeladder//services:
defaultLadders.js
questionCatalog.js

/Users/dep/Desktop/backendcodeladder//terminal_logs:

/Users/dep/Desktop/backendcodeladder//tests:
api.test.js

/Users/dep/Desktop/backendcodeladder//utils:
asyncHandler.js
httpError.js



